Accum_y-0,T-1,Accum_y-1,Accum_y-2,Accum_y-3,Accum_y-4
721,499,441,521,1048,582
595,607,428,522,1354,569
502,619,433,522,1398,558
386,666,433,522,1532,514
336,671,485,538,1532,472
314,668,485,576,1532,472
314,668,486,577,1532,472
278,699,517,660,1532,472
278,699,517,683,1532,472
278,689,532,703,1532,472
319,689,538,901,1532,472
319,687,578,1050,1527,472
319,677,578,1017,1528,472
319,677,578,985,1521,472
307,689,578,1026,1493,507
247,680,522,1079,1489,517
374,667,515,1118,1489,517
374,660,513,1127,1489,517
354,680,506,1179,1517,563
380,680,650,1086,1506,586
387,680,650,1073,1500,573
387,672,635,1073,1372,572
387,672,608,1050,1371,650
387,672,562,1072,1332,701
391,634,545,1080,1318,650
384,642,545,1102,1241,767
357,645,545,1026,1213,777
346,629,530,1016,1279,642
345,606,528,1017,1151,487
311,640,530,1017,1058,487
247,704,525,1049,1020,490
230,721,500,1091,782,491
230,595,516,1091,550,491
230,502,513,1091,564,491
230,386,513,1091,437,495
224,336,461,1075,438,541
224,314,461,1042,438,546
225,314,460,1082,443,592
246,278,429,1059,445,607
258,278,429,1036,445,870
270,278,479,1021,445,925
229,319,518,817,445,980
239,319,593,650,445,1012
239,319,726,549,443,1212
240,319,745,482,443,1216
431,307,746,440,434,1181
444,247,746,387,434,1171
339,374,666,348,434,1171
427,374,605,339,434,1211
433,354,609,279,406,1275
417,380,526,273,361,1382
446,387,558,273,342,1380
446,387,558,293,314,1419
446,387,555,293,312,1435
446,387,555,273,312,1402
442,391,555,292,312,1469
441,384,568,271,286,1491
464,357,568,271,267,1457
486,346,567,314,198,1448
515,345,567,313,324,1448
522,311,565,313,366,1448
674,247,548,281,367,1445
674,230,553,230,364,1444
675,230,543,235,262,1444
687,230,544,241,329,1469
691,230,550,266,322,1479
762,224,554,266,321,1433
822,224,560,263,321,1428
832,225,560,228,316,1382
817,246,573,168,317,1367
805,258,594,255,317,1105
793,270,529,251,317,1050
793,229,484,251,317,1091
783,239,369,251,317,1059
783,239,236,251,317,859
782,240,217,251,317,855
591,431,216,251,317,1089
573,444,216,290,317,1246
591,339,216,362,317,1349
516,427,187,396,317,1368
510,433,190,443,317,1260
500,417,129,447,317,1130
634,446,106,447,317,1130
717,446,106,427,402,1080
721,446,162,427,438,986
768,446,184,425,438,960
805,442,189,394,440,857
875,441,227,393,440,718
958,464,252,385,471,694
950,486,252,329,469,693
1056,515,252,329,422,693
1104,522,252,415,409,693
977,674,252,417,409,693
977,674,263,453,409,693
976,675,265,517,410,693
964,687,318,526,282,668
960,691,340,512,282,654
889,762,342,529,282,654
829,822,336,527,282,654
818,832,336,523,285,654
815,817,323,523,282,654
823,805,302,436,282,653
846,793,302,435,282,653
856,793,302,435,282,585
915,783,342,435,282,646
922,783,383,435,282,706
922,782,383,443,282,708
922,591,406,472,282,530
922,573,470,515,282,433
877,591,476,446,282,330
906,516,476,412,283,271
906,510,460,514,284,267
906,500,463,510,284,267
736,634,455,510,284,267
653,717,564,510,202,267
682,721,568,510,287,295
635,768,545,542,299,328
598,805,551,563,326,393
528,875,500,569,370,405
520,958,475,569,518,430
517,950,475,571,525,465
382,1056,475,571,432,466
327,1104,545,523,403,498
302,977,568,538,402,750
317,977,559,503,402,809
317,976,565,502,401,818
317,964,607,694,401,818
427,960,590,892,405,818
432,889,584,877,413,818
432,829,584,877,413,818
432,818,584,984,410,820
557,815,584,984,452,820
571,823,677,992,464,833
548,846,766,992,500,869
538,856,766,992,500,841
876,915,726,992,506,780
869,922,685,992,574,720
908,922,685,984,821,827
959,922,662,955,1091,771
1144,922,723,873,1091,711
1191,877,721,870,1121,711
1160,906,722,870,1158,727
1173,906,737,721,1157,739
1197,906,734,721,1247,745
1247,736,733,721,1247,756
1385,653,624,721,1244,767
1384,682,563,721,1123,739
1384,635,563,689,1111,711
1487,598,796,668,1179,646
1512,528,796,675,1135,634
1428,520,796,675,956,609
1468,517,796,673,949,574
1468,382,796,707,984,573
1468,327,772,669,1005,559
1470,302,749,710,1022,382
1456,317,740,709,1046,334
1456,317,758,640,1046,461
1456,317,660,433,1046,461
1346,427,649,224,1131,465
1341,432,649,222,1123,488
1341,432,649,295,1161,504
1341,432,649,208,1161,517
1213,557,649,299,1120,523
1191,571,556,291,1108,510
1288,548,468,291,1240,474
1338,538,468,291,1240,476
941,876,468,291,1234,476
941,869,468,291,1230,476
1017,908,468,305,983,367
1114,959,468,326,713,367
929,1144,343,326,713,367
898,1191,339,327,683,367
879,1160,338,423,645,351
866,1173,323,423,645,339
842,1197,323,444,555,333
933,1247,325,444,555,322
803,1385,326,444,555,311
782,1384,326,444,555,311
782,1384,376,444,555,330
681,1487,334,444,458,330
656,1512,392,431,484,330
642,1428,456,484,523,340
591,1468,505,587,549,408
591,1468,505,568,537,492
591,1468,493,606,611,474
608,1470,507,548,594,415
624,1456,759,548,570,406
625,1456,772,623,570,270
629,1456,848,671,570,270
629,1346,848,695,481,274
629,1341,848,705,481,465
629,1341,848,634,443,449
629,1341,848,614,443,436
629,1213,848,523,442,524
629,1191,848,523,442,538
532,1288,847,523,274,541
482,1338,847,523,281,539
482,941,847,525,281,561
482,941,957,661,217,561
367,1017,957,715,217,561
219,1114,1024,724,232,561
219,929,1024,776,392,561
223,898,1024,775,392,561
223,879,1027,679,392,564
223,866,1076,679,396,569
223,842,1093,681,398,571
82,933,1091,689,471,571
88,803,1134,689,493,571
124,782,1273,689,493,571
124,782,1657,689,493,547
122,681,1456,689,532,557
122,656,1398,689,506,598
134,642,1334,636,467,605
188,591,1285,533,441,600
222,591,1286,525,417,555
501,591,1252,506,322,593
482,608,1297,506,322,577
465,624,1045,506,322,594
465,625,1055,454,322,594
461,629,1007,406,322,596
475,629,1007,382,322,622
531,629,1007,499,322,466
612,629,1019,497,322,469
617,629,1032,567,322,467
713,629,1135,654,322,373
831,629,1249,682,322,359
832,532,1249,682,322,356
834,482,1249,863,315,356
1012,482,1249,900,494,334
1021,482,1139,995,623,334
1044,367,1160,927,623,363
1062,219,1093,1010,608,371
1132,219,1093,982,448,424
1113,223,1093,982,448,427
1113,223,1092,983,448,464
1363,223,1044,1022,444,542
1469,223,1087,1097,442,544
1553,82,1087,1112,369,663
1539,88,1043,1124,347,956
1666,124,904,1221,356,967
1748,124,470,1249,506,1206
1748,122,469,1278,473,1196
1748,122,469,1278,473,1155
1736,134,469,1278,473,1138
1682,188,469,1278,473,1075
1670,222,468,1271,473,1055
1391,501,468,1252,473,1043
1391,482,409,1252,473,1043
1391,465,409,1252,482,1024
1390,465,354,1229,629,1024
1390,461,326,1229,629,1022
1376,475,327,1229,629,989
1320,531,658,1233,658,1126
1239,612,759,1239,658,1123
1234,617,776,1167,658,1123
1138,713,673,1081,658,1123
1020,831,560,1053,658,1123
1022,832,610,1056,658,1123
1020,834,652,875,658,1123
867,1012,652,836,479,1123
878,1021,652,641,350,1123
860,1044,631,641,350,1094
842,1062,631,539,350,1086
772,1132,631,518,350,1033
771,1113,631,537,382,1144
771,1113,629,654,388,1112
527,1363,628,620,388,1029
434,1469,575,562,388,1060
358,1553,575,539,388,1025
358,1539,586,549,390,742
184,1666,596,453,400,731
118,1748,613,427,250,492
174,1748,652,456,244,492
193,1748,825,456,285,492
381,1736,842,456,369,492
630,1682,842,456,399,493
609,1670,842,456,399,474
613,1391,842,509,410,502
677,1391,842,512,481,515
682,1391,842,518,627,515
682,1390,842,537,517,515
683,1390,843,551,517,515
683,1376,842,551,518,514
683,1320,511,420,491,319
683,1239,398,414,491,337
683,1234,368,425,491,340
683,1138,368,456,491,340
683,1020,367,478,491,370
680,1022,317,552,491,496
680,1020,275,624,491,550
655,867,280,645,491,581
715,878,323,618,491,581
747,860,383,757,491,596
752,842,424,746,491,703
784,772,477,743,491,950
934,771,481,724,459,871
995,771,481,643,453,905
990,527,483,638,453,1257
977,434,476,598,453,1400
969,358,476,715,453,1421
976,358,465,713,473,1411
977,184,455,753,471,1412
961,118,438,753,517,1413
928,174,493,695,703,1416
927,193,338,713,671,1465
739,381,402,766,647,1651
490,630,471,839,640,1702
489,609,522,848,640,1720
485,613,547,795,629,1666
421,677,547,834,558,1716
416,682,552,828,403,1739
423,682,552,810,366,1857
422,683,561,842,366,1886
422,683,561,852,365,2073
485,683,563,852,363,2089
485,683,573,854,381,2072
565,683,573,843,381,2111
580,683,573,811,418,2138
580,683,647,789,418,2154
628,680,665,715,496,2127
636,680,680,651,555,2080
695,655,675,742,561,2049
697,715,632,733,563,2049
758,747,572,594,563,2034
782,752,539,607,563,1984
776,784,486,619,565,1742
885,934,482,629,592,1731
851,995,520,592,592,1697
927,990,518,592,624,1406
929,977,542,616,673,1228
929,969,569,499,717,1123
947,976,593,481,695,1132
946,977,593,440,680,1141
947,961,593,438,678,1144
924,928,499,457,501,1209
906,927,607,452,492,1188
993,739,619,399,432,1005
1105,490,666,326,409,953
1122,489,671,317,409,935
1128,485,668,317,409,935
1196,421,668,275,409,872
1279,416,699,275,409,849
1278,423,699,274,409,731
1278,422,689,228,409,702
1320,422,689,218,415,515
1292,485,687,218,433,504
1293,485,677,216,549,504
1213,565,677,216,648,469
1198,580,689,216,612,479
1242,580,680,272,612,437
1194,628,667,356,534,338
1186,636,660,440,475,331
1127,695,680,344,477,331
1045,697,680,344,574,387
947,758,680,344,587,412
918,782,672,346,587,511
892,776,672,365,608,509
633,885,672,402,581,524
606,851,634,419,585,530
529,927,642,419,553,572
527,929,645,395,588,619
527,929,629,411,567,624
502,947,606,411,567,758
627,946,640,411,565,841
705,947,704,433,521,875
803,924,721,441,521,1048
832,906,595,428,522,1354
757,993,502,433,522,1398
714,1105,386,433,522,1532
707,1122,336,485,538,1532
777,1128,314,485,576,1532
709,1196,314,486,577,1532
704,1279,278,517,660,1532
706,1278,278,517,683,1532
735,1278,278,532,703,1532
731,1320,319,538,901,1532
698,1292,319,578,1050,1527
704,1293,319,578,1017,1528
712,1213,319,578,985,1521
712,1198,307,578,1026,1493
668,1242,247,522,1079,1489
746,1194,374,515,1118,1489
904,1186,374,513,1127,1489
959,1127,354,506,1179,1517
1014,1045,380,650,1086,1506
1015,947,387,650,1073,1500
1015,918,387,635,1073,1372
1015,892,387,608,1050,1371
1015,633,387,562,1072,1332
1015,606,391,545,1080,1318
1015,529,384,545,1102,1241
1036,527,357,545,1026,1213
1036,527,346,530,1016,1279
1039,502,345,528,1017,1151
914,627,311,530,1017,1058
836,705,247,525,1049,1020
738,803,230,500,1091,782
709,832,230,516,1091,550
697,757,230,513,1091,564
628,714,230,513,1091,437
622,707,224,461,1075,438
591,777,224,461,1042,438
601,709,225,460,1082,443
707,704,246,429,1059,445
706,706,258,429,1036,445
704,735,270,479,1021,445
801,731,229,518,817,445
914,698,239,593,650,445
930,704,239,726,549,443
1066,712,240,745,482,443
1066,712,431,746,440,434
1066,668,444,746,387,434
988,746,339,666,348,434
830,904,427,605,339,434
775,959,433,609,279,406
720,1014,417,526,273,361
732,1015,446,558,273,342
732,1015,446,558,293,314
777,1015,446,555,293,312
880,1015,446,555,273,312
999,1015,442,555,292,312
1016,1015,441,568,271,286
1042,1036,464,568,271,267
1206,1036,486,567,314,198
1294,1039,515,567,313,324
1328,914,522,565,313,366
1412,836,674,548,281,367
1412,738,674,553,230,364
1429,709,675,543,235,262
1499,697,687,544,241,329
1523,628,691,550,266,322
1519,622,762,554,266,321
1509,591,822,560,263,321
1499,601,832,560,228,316
1315,707,817,573,168,317
1308,706,805,594,255,317
1281,704,793,529,251,317
1146,801,793,484,251,317
1031,914,783,369,251,317
1008,930,783,236,251,317
870,1066,782,217,251,317
920,1066,591,216,251,317
955,1066,573,216,290,317
992,988,591,216,362,317
992,830,516,187,396,317
1207,775,510,190,443,317
1211,720,500,129,447,317
1219,732,634,106,447,317
1224,732,717,106,427,402
1179,777,721,162,427,438
1076,880,768,184,425,438
976,999,805,189,394,440
972,1016,875,227,393,440
954,1042,958,252,385,471
831,1206,950,252,329,469
740,1294,1056,252,329,422
706,1328,1104,252,415,409
621,1412,977,252,417,409
621,1412,977,263,453,409
604,1429,976,265,517,410
534,1499,964,318,526,282
510,1523,960,340,512,282
510,1519,889,342,529,282
475,1509,829,336,527,282
475,1499,818,336,523,285
475,1315,815,323,523,282
475,1308,823,302,436,282
475,1281,846,302,435,282
475,1146,856,302,435,282
475,1031,915,342,435,282
475,1008,922,383,435,282
469,870,922,383,443,282
419,920,922,406,472,282
384,955,922,470,515,282
347,992,877,476,446,282
347,992,906,476,412,283
132,1207,906,460,514,284
128,1211,906,463,510,284
107,1219,736,455,510,284
102,1224,653,564,510,202
102,1179,682,568,510,287
102,1076,635,545,542,299
83,976,598,551,563,326
136,972,528,500,569,370
107,954,520,475,569,518
66,831,517,475,571,525
66,740,382,475,571,432
66,706,327,545,523,403
90,621,302,568,538,402
92,621,317,559,503,402
92,604,317,565,502,401
198,534,317,607,694,401
279,510,427,590,892,405
370,510,432,584,877,413
370,475,432,584,877,413
398,475,432,584,984,410
413,475,557,584,984,452
433,475,571,677,992,464
444,475,548,766,992,500
479,475,538,766,992,500
638,475,876,726,992,506
724,475,869,685,992,574
724,469,908,685,984,821
762,419,959,662,955,1091
902,384,1144,723,873,1091
903,347,1191,721,870,1121
903,347,1160,722,870,1158
903,132,1173,737,721,1157
903,128,1197,734,721,1247
951,107,1247,733,721,1247
1112,102,1385,624,721,1244
1159,102,1384,563,721,1123
1177,102,1384,563,689,1111
1183,83,1487,796,668,1179
1123,136,1512,796,675,1135
1195,107,1428,796,675,956
1443,66,1468,796,673,949
1443,66,1468,796,707,984
1443,66,1468,772,669,1005
1419,90,1470,749,710,1022
1417,92,1456,740,709,1046
1417,92,1456,758,640,1046
1311,198,1456,660,433,1046
1261,279,1346,649,224,1131
1204,370,1341,649,222,1123
1278,370,1341,649,295,1161
1250,398,1341,649,208,1161
1235,413,1213,649,299,1120
1220,433,1191,556,291,1108
1237,444,1288,468,291,1240
1290,479,1338,468,291,1240
1175,638,941,468,291,1234
1213,724,941,468,291,1230
1267,724,1017,468,305,983
1230,762,1114,468,326,713
1122,902,929,343,326,713
1173,903,898,339,327,683
1266,903,879,338,423,645
1383,903,866,323,423,645
1425,903,842,323,444,555
1448,951,933,325,444,555
1409,1112,803,326,444,555
1376,1159,782,326,444,555
1399,1177,782,376,444,555
1401,1183,681,334,444,458
1398,1123,656,392,431,484
1374,1195,642,456,484,523
1320,1443,591,505,587,549
1495,1443,591,505,568,537
1529,1443,591,493,606,611
1589,1419,608,507,548,594
1618,1417,624,759,548,570
1618,1417,625,772,623,570
1713,1311,629,848,671,570
1689,1261,629,848,695,481
1656,1204,629,848,705,481
1583,1278,629,848,634,443
1591,1250,629,848,614,443
1593,1235,629,848,523,442
1588,1220,629,848,523,442
1560,1237,532,847,523,274
1472,1290,482,847,523,281
1428,1175,482,847,525,281
1304,1213,482,957,661,217
1307,1267,367,957,715,217
1382,1230,219,1024,724,232
1417,1122,219,1024,776,392
1369,1173,223,1024,775,392
1313,1266,223,1027,679,392
1197,1383,223,1076,679,396
1155,1425,223,1093,681,398
1084,1448,82,1091,689,471
962,1409,88,1134,689,493
992,1376,124,1273,689,493
995,1399,124,1657,689,493
987,1401,122,1456,689,532
984,1398,122,1398,689,506
936,1374,134,1334,636,467
834,1320,188,1285,533,441
659,1495,222,1286,525,417
625,1529,501,1252,506,322
565,1589,482,1297,506,322
840,1618,465,1045,506,322
881,1618,465,1055,454,322
810,1713,461,1007,406,322
899,1689,475,1007,382,322
907,1656,531,1007,499,322
906,1583,612,1019,497,322
903,1591,617,1032,567,322
901,1593,713,1135,654,322
901,1588,831,1249,682,322
952,1560,832,1249,682,322
1009,1472,834,1249,863,315
1035,1428,1012,1249,900,494
1035,1304,1021,1139,995,623
1028,1307,1044,1160,927,623
963,1382,1062,1093,1010,608
974,1417,1132,1093,982,448
1304,1369,1113,1093,982,448
1268,1313,1113,1092,983,448
1267,1197,1363,1044,1022,444
1267,1155,1469,1087,1097,442
1267,1084,1553,1087,1112,369
1267,962,1539,1043,1124,347
1223,992,1666,904,1221,356
1179,995,1748,470,1249,506
1179,987,1748,469,1278,473
1179,984,1748,469,1278,473
1179,936,1736,469,1278,473
1087,834,1682,469,1278,473
1196,659,1670,468,1271,473
1202,625,1391,468,1252,473
1207,565,1391,409,1252,473
912,840,1391,409,1252,482
871,881,1390,354,1229,629
847,810,1390,326,1229,629
751,899,1376,327,1229,629
771,907,1320,658,1233,658
772,906,1239,759,1239,658
767,903,1234,776,1167,658
767,901,1138,673,1081,658
767,901,1020,560,1053,658
716,952,1022,610,1056,658
659,1009,1020,652,875,658
710,1035,867,652,836,479
729,1035,878,652,641,350
679,1028,860,631,641,350
668,963,842,631,539,350
590,974,772,631,518,350
256,1304,771,631,537,382
255,1268,771,629,654,388
312,1267,527,628,620,388
312,1267,434,575,562,388
312,1267,358,575,539,388
479,1267,358,586,549,390
489,1223,184,596,453,400
530,1179,118,613,427,250
530,1179,174,652,456,244
530,1179,193,825,456,285
544,1179,381,842,456,369
549,1087,630,842,456,399
440,1196,609,842,456,399
434,1202,613,842,509,410
429,1207,677,842,512,481
420,912,682,842,518,627
420,871,682,842,537,517
425,847,683,843,551,517
476,751,683,842,551,518
447,771,683,511,420,491
446,772,683,398,414,491
446,767,683,368,425,491
446,767,683,368,456,491
446,767,683,367,478,491
446,716,680,317,552,491
456,659,680,275,624,491
379,710,655,280,645,491
360,729,715,323,618,491
360,679,747,383,757,491
374,668,752,424,746,491
375,590,784,477,743,491
375,256,934,481,724,459
375,255,995,481,643,453
318,312,990,483,638,453
318,312,977,476,598,453
318,312,969,476,715,453
151,479,976,465,713,473
380,489,977,455,753,471
352,530,961,438,753,517
352,530,928,493,695,703
352,530,927,338,713,671
338,544,739,402,766,647
333,549,490,471,839,640
333,440,489,522,848,640
333,434,485,547,795,629
406,429,421,547,834,558
409,420,416,552,828,403
509,420,423,552,810,366
615,425,422,561,842,366
592,476,422,561,852,365
624,447,485,563,852,363
624,446,485,573,854,381
680,446,565,573,843,381
690,446,580,573,811,418
690,446,580,647,789,418
690,446,628,665,715,496
680,456,636,680,651,555
680,379,695,675,742,561
826,360,697,632,733,563
832,360,758,572,594,563
856,374,782,539,607,563
855,375,776,486,619,565
873,375,885,482,629,592
873,375,851,520,592,592
893,318,927,518,592,624
937,318,929,542,616,673
946,318,929,569,499,717
946,151,947,593,481,695
716,380,946,593,440,680
707,352,947,593,438,678
826,352,924,499,457,501
1158,352,906,607,452,492
1221,338,993,619,399,432
1252,333,1105,666,326,409
1270,333,1122,671,317,409
1373,333,1128,668,317,409
1403,406,1196,668,275,409
1452,409,1279,699,275,409
1500,509,1278,699,274,409
1412,615,1278,689,228,409
1394,592,1320,689,218,415
1362,624,1292,687,218,433
1362,624,1293,677,216,549
1306,680,1213,677,216,648
1296,690,1198,689,216,612
1296,690,1242,680,272,612
1296,690,1194,667,356,534
1296,680,1186,660,440,475
1296,680,1127,680,344,477
1150,826,1045,680,344,574
1144,832,947,680,344,587
1106,856,918,672,346,587
1106,855,892,672,365,608
1088,873,633,672,402,581
1088,873,606,634,419,585
1090,893,529,642,419,553
1047,937,527,645,395,588
1040,946,527,629,411,567
1108,946,502,606,411,567
1111,716,627,640,411,565
1108,707,705,704,433,521
989,826,803,721,441,521
657,1158,832,595,428,522
610,1221,757,502,433,522
580,1252,714,386,433,522
667,1270,707,336,485,538
588,1373,777,314,485,576
546,1403,709,314,486,577
497,1452,704,278,517,660
389,1500,706,278,517,683
367,1412,735,278,532,703
411,1394,731,319,538,901
430,1362,698,319,578,1050
430,1362,704,319,578,1017
434,1306,712,319,578,985
448,1296,712,307,578,1026
534,1296,668,247,522,1079
654,1296,746,374,515,1118
683,1296,904,374,513,1127
690,1296,959,354,506,1179
694,1150,1014,380,650,1086
748,1144,1015,387,650,1073
803,1106,1015,387,635,1073
803,1106,1015,387,608,1050
815,1088,1015,387,562,1072
815,1088,1015,391,545,1080
793,1090,1015,384,545,1102
792,1047,1036,357,545,1026
790,1040,1036,346,530,1016
722,1108,1039,345,528,1017
746,1111,914,311,530,1017
780,1108,836,247,525,1049
991,989,738,230,500,1091
994,657,709,230,516,1091
978,610,697,230,513,1091
1049,580,628,230,513,1091
1086,667,622,224,461,1075
1304,588,591,224,461,1042
1243,546,601,225,460,1082
1240,497,707,246,429,1059
1200,389,706,258,429,1036
1199,367,704,270,479,1021
1145,411,801,229,518,817
1126,430,914,239,593,650
1126,430,930,239,726,549
1122,434,1066,240,745,482
1108,448,1066,431,746,440
1022,534,1066,444,746,387
902,654,988,339,666,348
873,683,830,427,605,339
866,690,775,433,609,279
884,694,720,417,526,273
830,748,732,446,558,273
775,803,732,446,558,293
775,803,777,446,555,293
763,815,880,446,555,273
776,815,999,442,555,292
835,793,1016,441,568,271
835,792,1042,464,568,271
914,790,1206,486,567,314
1079,722,1294,515,567,313
1071,746,1328,522,565,313
1087,780,1412,674,548,281
920,991,1412,674,553,230
917,994,1429,675,543,235
917,978,1499,687,544,241
846,1049,1523,691,550,266
704,1086,1519,762,554,266
463,1304,1509,822,560,263
513,1243,1499,832,560,228
715,1240,1315,817,573,168
786,1200,1308,805,594,255
812,1199,1281,793,529,251
863,1145,1146,793,484,251
892,1126,1031,783,369,251
1008,1126,1008,783,236,251
1018,1122,870,782,217,251
1018,1108,920,591,216,251
1022,1022,955,573,216,290
1055,902,992,591,216,362
1231,873,992,516,187,396
1254,866,1207,510,190,443
1232,884,1211,500,129,447
1251,830,1219,634,106,447
1251,775,1224,717,106,427
1256,775,1179,721,162,427
1327,763,1076,768,184,425
1358,776,976,805,189,394
1299,835,972,875,227,393
1306,835,954,958,252,385
1233,914,831,950,252,329
1068,1079,740,1056,252,329
1040,1071,706,1104,252,415
989,1087,621,977,252,417
945,920,621,977,263,453
977,917,604,976,265,517
1094,917,534,964,318,526
1112,846,510,960,340,512
1112,704,510,889,342,529
1158,463,475,829,336,527
1108,513,475,818,336,523
917,715,475,815,323,523
852,786,475,823,302,436
888,812,475,846,302,435
930,863,475,856,302,435
927,892,475,915,342,435
811,1008,475,922,383,435
801,1018,469,922,383,443
803,1018,419,922,406,472
857,1022,384,922,470,515
825,1055,347,877,476,446
696,1231,347,906,476,412
673,1254,132,906,460,514
685,1232,128,906,463,510
674,1251,107,736,455,510
674,1251,102,653,564,510
669,1256,102,682,568,510
598,1327,102,635,545,542
716,1358,83,598,551,563
724,1299,136,528,500,569
730,1306,107,520,475,569
747,1233,66,517,475,571
747,1068,66,382,475,571
747,1040,66,327,545,523
747,989,90,302,568,538
747,945,92,317,559,503
715,977,92,317,565,502
598,1094,198,317,607,694
579,1112,279,427,590,892
579,1112,370,432,584,877
532,1158,370,432,584,877
532,1108,398,432,584,984
521,917,413,557,584,984
515,852,433,571,677,992
453,888,444,548,766,992
360,930,479,538,766,992
392,927,638,876,726,992
418,811,724,869,685,992
423,801,724,908,685,984
437,803,762,959,662,955
379,857,902,1144,723,873
378,825,903,1191,721,870
331,696,903,1160,722,870
331,673,903,1173,737,721
326,685,903,1197,734,721
321,674,951,1247,733,721
330,674,1112,1385,624,721
367,669,1159,1384,563,721
386,598,1177,1384,563,689
291,716,1183,1487,796,668
354,724,1123,1512,796,675
341,730,1195,1428,796,675
318,747,1443,1468,796,673
330,747,1443,1468,796,707
345,747,1443,1468,772,669
345,747,1419,1470,749,710
567,747,1417,1456,740,709
653,715,1417,1456,758,640
658,598,1311,1456,660,433
658,579,1261,1346,649,224
658,579,1204,1341,649,222
658,532,1278,1341,649,295
658,532,1250,1341,649,208
746,521,1235,1213,649,299
746,515,1220,1191,556,291
824,453,1237,1288,468,291
841,360,1290,1338,468,291
836,392,1175,941,468,291
810,418,1213,941,468,291
805,423,1267,1017,468,305
846,437,1230,1114,468,326
848,379,1122,929,343,326
848,378,1173,898,339,327
876,331,1266,879,338,423
876,331,1383,866,323,423
869,326,1425,842,323,444
1109,321,1448,933,325,444
1100,330,1409,803,326,444
1063,367,1376,782,326,444
1044,386,1399,782,376,444
977,291,1401,681,334,444
906,354,1398,656,392,431
906,341,1374,642,456,484
1077,318,1320,591,505,587
1153,330,1495,591,505,568
1138,345,1529,591,493,606
1138,345,1589,608,507,548
916,567,1618,624,759,548
870,653,1618,625,772,623
895,658,1713,629,848,671
895,658,1689,629,848,695
900,658,1656,629,848,705
967,658,1583,629,848,634
971,658,1591,629,848,614
883,746,1593,629,848,523
883,746,1588,629,848,523
805,824,1560,532,847,523
808,841,1472,482,847,523
765,836,1428,482,847,525
766,810,1304,482,957,661
832,805,1307,367,957,715
820,846,1382,219,1024,724
821,848,1417,219,1024,776
821,848,1369,223,1024,775
793,876,1313,223,1027,679
793,876,1197,223,1076,679
793,869,1155,223,1093,681
622,1109,1084,82,1091,689
801,1100,962,88,1134,689
854,1063,992,124,1273,689
854,1044,995,124,1657,689
854,977,987,122,1456,689
854,906,984,122,1398,689
869,906,936,134,1334,636
704,1077,834,188,1285,533
690,1153,659,222,1286,525
904,1138,625,501,1252,506
904,1138,565,482,1297,506
904,916,840,465,1045,506
864,870,881,465,1055,454
879,895,810,461,1007,406
879,895,899,475,1007,382
874,900,907,531,1007,499
828,967,906,612,1019,497
877,971,903,617,1032,567
880,883,901,713,1135,654
880,883,901,831,1249,682
888,805,952,832,1249,682
869,808,1009,834,1249,863
865,765,1035,1012,1249,900
864,766,1035,1021,1139,995
839,832,1028,1044,1160,927
812,820,963,1062,1093,1010
809,821,974,1132,1093,982
922,821,1304,1113,1093,982
922,793,1268,1113,1092,983
941,793,1267,1363,1044,1022
943,793,1267,1469,1087,1097
871,622,1267,1553,1087,1112
692,801,1267,1539,1043,1124
639,854,1223,1666,904,1221
639,854,1179,1748,470,1249
639,854,1179,1748,469,1278
639,854,1179,1748,469,1278
627,869,1179,1736,469,1278
685,704,1087,1682,469,1278
687,690,1196,1670,468,1271
473,904,1202,1391,468,1252
683,904,1207,1391,409,1252
741,904,912,1391,409,1252
758,864,871,1390,354,1229
713,879,847,1390,326,1229
713,879,751,1376,327,1229
713,874,771,1320,658,1233
707,828,772,1239,759,1239
1057,877,767,1234,776,1167
1283,880,767,1138,673,1081
1283,880,767,1020,560,1053
1275,888,716,1022,610,1056
1274,869,659,1020,652,875
1268,865,710,867,652,836
1268,864,729,878,652,641
1227,839,679,860,631,641
1209,812,668,842,631,539
1209,809,590,772,631,518
1096,922,256,771,631,537
1100,922,255,771,629,654
1081,941,312,527,628,620
1079,943,312,434,575,562
1079,871,312,358,575,539
1079,692,479,358,586,549
1079,639,489,184,596,453
1079,639,530,118,613,427
1155,639,530,174,652,456
1253,639,530,193,825,456
1302,627,544,381,842,456
1264,685,549,630,842,456
1190,687,440,609,842,456
1257,473,434,613,842,509
1091,683,429,677,842,512
1033,741,420,682,842,518
1065,758,420,682,842,537
1065,713,425,683,843,551
1065,713,476,683,842,551
1065,713,447,683,511,420
1052,707,446,683,398,414
649,1057,446,683,368,425
420,1283,446,683,368,456
428,1283,446,683,367,478
491,1275,446,680,317,552
491,1274,456,680,275,624
491,1268,379,655,280,645
491,1268,360,715,323,618
491,1227,360,747,383,757
510,1209,374,752,424,746
510,1209,375,784,477,743
511,1096,375,934,481,724
515,1100,375,995,481,643
515,1081,318,990,483,638
515,1079,318,977,476,598
679,1079,318,969,476,715
682,1079,151,976,465,713
702,1079,380,977,455,753
760,1079,352,961,438,753
734,1155,352,928,493,695
689,1253,352,927,338,713
637,1302,338,739,402,766
611,1264,333,490,471,839
609,1190,333,489,522,848
542,1257,333,485,547,795
505,1091,406,421,547,834
506,1033,409,416,552,828
457,1065,509,423,552,810
569,1065,615,422,561,842
618,1065,592,422,561,852
668,1065,624,485,563,852
674,1052,624,485,573,854
674,649,680,565,573,843
674,420,690,580,573,811
670,428,690,580,647,789
634,491,690,628,665,715
634,491,680,636,680,651
640,491,680,695,675,742
642,491,826,697,632,733
648,491,832,758,572,594
657,510,856,782,539,607
720,510,855,776,486,619
729,511,873,885,482,629
737,515,873,851,520,592
737,515,893,927,518,592
737,515,937,929,542,616
573,679,946,929,569,499
570,682,946,947,593,481
550,702,716,946,593,440
527,760,707,947,593,438
553,734,826,924,499,457
508,689,1158,906,607,452
561,637,1221,993,619,399
654,611,1252,1105,666,326
778,609,1270,1122,671,317
848,542,1373,1128,668,317
842,505,1403,1196,668,275
841,506,1452,1279,699,275
854,457,1500,1278,699,274
743,569,1412,1278,689,228
694,618,1394,1320,689,218
644,668,1362,1292,687,218
636,674,1362,1293,677,216
641,674,1306,1213,677,216
641,674,1296,1198,689,216
637,670,1296,1242,680,272
637,634,1296,1194,667,356
643,634,1296,1186,660,440
642,640,1296,1127,680,344
661,642,1150,1045,680,344
657,648,1144,947,680,344
630,657,1106,918,672,346
567,720,1106,892,672,365
557,729,1088,633,672,402
541,737,1088,606,634,419
541,737,1090,529,642,419
541,737,1047,527,645,395
541,573,1040,527,629,411
541,570,1108,502,606,411
541,550,1111,627,640,411
520,527,1108,705,704,433
444,553,989,803,721,441
436,508,657,832,595,428
383,561,610,757,502,433
290,654,580,714,386,433
169,778,667,707,336,485
99,848,588,777,314,485
98,842,546,709,314,486
98,841,497,704,278,517
85,854,389,706,278,517
84,743,367,735,278,532
84,694,411,731,319,538
84,644,430,698,319,578
84,636,430,704,319,578
88,641,434,712,319,578
88,641,448,712,307,578
88,637,534,668,247,522
81,637,654,746,374,515
263,643,683,904,374,513
365,642,690,959,354,506
356,661,694,1014,380,650
354,657,748,1015,387,650
381,630,803,1015,387,635
750,567,803,1015,387,608
750,557,815,1015,387,562
750,541,815,1015,391,545
750,541,793,1015,384,545
750,541,792,1036,357,545
750,541,790,1036,346,530
750,541,722,1039,345,528
750,541,746,914,311,530
736,520,780,836,247,525
736,444,991,738,230,500
764,436,994,709,230,516
771,383,978,697,230,513
778,290,1049,628,230,513
775,169,1086,622,224,461
775,99,1304,591,224,461
786,98,1243,601,225,460
786,98,1240,707,246,429
888,85,1200,706,258,429
1042,84,1199,704,270,479
1063,84,1145,801,229,518
1083,84,1126,914,239,593
1086,84,1126,930,239,726
1077,88,1122,1066,240,745
1080,88,1108,1066,431,746
1148,88,1022,1066,444,746
1139,81,902,988,339,666
951,263,873,830,427,605
848,365,866,775,433,609
837,356,884,720,417,526
837,354,830,732,446,558
835,381,775,732,446,558
485,750,775,777,446,555
485,750,763,880,446,555
485,750,776,999,442,555
485,750,835,1016,441,568
489,750,835,1042,464,568
489,750,914,1206,486,567
508,750,1079,1294,515,567
510,750,1071,1328,522,565
510,736,1087,1412,674,548
632,736,920,1412,674,553
672,764,917,1429,675,543
720,771,917,1499,687,544
713,778,846,1523,691,550
765,775,704,1519,762,554
780,775,463,1509,822,560
837,786,513,1499,832,560
838,786,715,1315,817,573
743,888,786,1308,805,594
592,1042,812,1281,793,529
571,1063,863,1146,793,484
551,1083,892,1031,783,369
548,1086,1008,1008,783,236
548,1077,1018,870,782,217
545,1080,1018,920,591,216
477,1148,1022,955,573,216
466,1139,1055,992,591,216
466,951,1231,992,516,187
462,848,1254,1207,510,190
534,837,1232,1211,500,129
547,837,1251,1219,634,106
571,835,1251,1224,717,106
600,485,1256,1179,721,162
622,485,1327,1076,768,184
648,485,1358,976,805,189
654,485,1299,972,875,227
650,489,1306,954,958,252
650,489,1233,831,950,252
631,508,1068,740,1056,252
629,510,1040,706,1104,252
629,510,989,621,977,252
507,632,945,621,977,263
439,672,977,604,976,265
384,720,1094,534,964,318
388,713,1112,510,960,340
340,765,1112,510,889,342
326,780,1158,475,829,336
258,837,1108,475,818,336
257,838,917,475,815,323
250,743,852,475,823,302
247,592,888,475,846,302
247,571,930,475,856,302
247,551,927,475,915,342
290,548,811,475,922,383
492,548,801,469,922,383
578,545,803,419,922,406
578,477,857,384,922,470
578,466,825,347,877,476
578,466,696,347,906,476
578,462,673,132,906,460
505,534,685,128,906,463
492,547,674,107,736,455
448,571,674,102,653,564
471,600,669,102,682,568
451,622,598,102,635,545
479,648,716,83,598,551
473,654,724,136,528,500
473,650,730,107,520,475
473,650,747,66,517,475
473,631,747,66,382,475
473,629,747,66,327,545
473,629,747,90,302,568
475,507,747,92,317,559
475,439,715,92,317,565
475,384,598,198,317,607
476,388,579,279,427,590
540,340,579,370,432,584
683,326,532,370,432,584
721,258,532,398,432,584
776,257,521,413,557,584
776,250,515,433,571,677
935,247,453,444,548,766
983,247,360,479,538,766
983,247,392,638,876,726
945,290,418,724,869,685
743,492,423,724,908,685
662,578,437,762,959,662
662,578,379,902,1144,723
703,578,378,903,1191,721
703,578,331,903,1160,722
703,578,331,903,1173,737
703,505,326,903,1197,734
703,492,321,951,1247,733
709,448,330,1112,1385,624
639,471,367,1159,1384,563
648,451,386,1177,1384,563
594,479,291,1183,1487,796
594,473,354,1123,1512,796
594,473,341,1195,1428,796
594,473,318,1443,1468,796
594,473,330,1443,1468,796
594,473,345,1443,1468,772
594,473,345,1419,1470,749
592,475,567,1417,1456,740
650,475,653,1417,1456,758
685,475,658,1311,1456,660
684,476,658,1261,1346,649
661,540,658,1204,1341,649
711,683,658,1278,1341,649
757,721,658,1250,1341,649
702,776,746,1235,1213,649
702,776,746,1220,1191,556
543,935,824,1237,1288,468
879,983,841,1290,1338,468
879,983,836,1175,941,468
874,945,810,1213,941,468
874,743,805,1267,1017,468
869,662,846,1230,1114,468
882,662,848,1122,929,343
889,703,848,1173,898,339
889,703,876,1266,879,338
889,703,876,1383,866,323
889,703,869,1425,842,323
905,703,1109,1448,933,325
893,709,1100,1409,803,326
892,639,1063,1376,782,326
881,648,1044,1399,782,376
888,594,977,1401,681,334
888,594,906,1398,656,392
888,594,906,1374,642,456
888,594,1077,1320,591,505
888,594,1153,1495,591,505
888,594,1138,1529,591,493
888,594,1138,1589,608,507
898,592,916,1618,624,759
892,650,870,1618,625,772
896,685,895,1713,629,848
933,684,895,1689,629,848
888,661,900,1656,629,848
694,711,967,1583,629,848
655,757,971,1591,629,848
750,702,883,1593,629,848
750,702,883,1588,629,848
750,543,805,1560,532,847
366,879,808,1472,482,847
471,879,765,1428,482,847
490,874,766,1304,482,957
508,874,832,1307,367,957
511,869,820,1382,219,1024
498,882,821,1417,219,1024
508,889,821,1369,223,1024
705,889,793,1313,223,1027
727,889,793,1197,223,1076
727,889,793,1155,223,1093
711,905,622,1084,82,1091
749,893,801,962,88,1134
749,892,854,992,124,1273
754,881,854,995,124,1657
747,888,854,987,122,1456
747,888,854,984,122,1398
747,888,869,936,134,1334
786,888,704,834,188,1285
786,888,690,659,222,1286
786,888,904,625,501,1252
786,888,904,565,482,1297
776,898,904,840,465,1045
743,892,864,881,465,1055
704,896,879,810,461,1007
663,933,879,899,475,1007
832,888,874,907,531,1007
855,694,828,906,612,1019
810,655,877,903,617,1032
935,750,880,901,713,1135
935,750,880,901,831,1249
935,750,888,952,832,1249
935,366,869,1009,834,1249
830,471,865,1035,1012,1249
811,490,864,1035,1021,1139
793,508,839,1028,1044,1160
790,511,812,963,1062,1093
793,498,809,974,1132,1093
735,508,922,1304,1113,1093
538,705,922,1268,1113,1092
516,727,941,1267,1363,1044
533,727,943,1267,1469,1087
533,711,871,1267,1553,1087
495,749,692,1267,1539,1043
495,749,639,1223,1666,904
490,754,639,1179,1748,470
490,747,639,1179,1748,469
490,747,639,1179,1748,469
591,747,627,1179,1736,469
552,786,685,1087,1682,469
626,786,687,1196,1670,468
816,786,473,1202,1391,468
819,786,683,1207,1391,409
819,776,741,912,1391,409
800,743,758,871,1390,354
800,704,713,847,1390,326
800,663,713,751,1376,327
631,832,713,771,1320,658
608,855,707,772,1239,759
608,810,1057,767,1234,776
389,935,1283,767,1138,673
482,935,1283,767,1020,560
482,935,1275,716,1022,610
482,935,1274,659,1020,652
482,830,1268,710,867,652
482,811,1268,729,878,652
482,793,1227,679,860,631
576,790,1209,668,842,631
573,793,1209,590,772,631
573,735,1096,256,771,631
573,538,1100,255,771,629
573,516,1081,312,527,628
556,533,1079,312,434,575
556,533,1079,312,358,575
556,495,1079,479,358,586
556,495,1079,489,184,596
556,490,1079,530,118,613
556,490,1155,530,174,652
556,490,1253,530,193,825
455,591,1302,544,381,842
455,552,1264,549,630,842
381,626,1190,440,609,842
396,816,1257,434,613,842
432,819,1091,429,677,842
458,819,1033,420,682,842
476,800,1065,420,682,842
476,800,1065,425,683,843
568,800,1065,476,683,842
694,631,1065,447,683,511
740,608,1052,446,683,398
740,608,649,446,683,368
739,389,420,446,683,368
646,482,428,446,683,367
648,482,491,446,680,317
650,482,491,456,680,275
650,482,491,379,655,280
650,482,491,360,715,323
650,482,491,360,747,383
556,576,510,374,752,424
556,573,510,375,784,477
558,573,511,375,934,481
600,573,515,375,995,481
605,573,515,318,990,483
605,556,515,318,977,476
605,556,679,318,969,476
605,556,682,151,976,465
605,556,702,380,977,455
605,556,760,352,961,438
605,556,734,352,928,493
639,556,689,352,927,338
684,455,637,338,739,402
761,455,611,333,490,471
942,381,609,333,489,522
771,396,542,333,485,547
740,432,505,406,421,547
806,458,506,409,416,552
788,476,457,509,423,552
845,476,569,615,422,561
797,568,618,592,422,561
671,694,668,624,485,563
628,740,674,624,485,573
629,740,674,680,565,573
639,739,674,690,580,573
642,646,670,690,580,647
802,648,634,690,628,665
955,650,634,680,636,680
955,650,640,680,695,675
955,650,642,826,697,632
955,650,648,832,758,572
955,556,657,856,782,539
959,556,720,855,776,486
1143,558,729,873,885,482
1155,600,737,873,851,520
1187,605,737,893,927,518
1189,605,737,937,929,542
1349,605,573,946,929,569
1453,605,570,946,947,593
1547,605,550,716,946,593
1547,605,527,707,947,593
1558,605,553,826,924,499
1538,639,508,1158,906,607
1549,684,561,1221,993,619
1473,761,654,1252,1105,666
1367,942,778,1270,1122,671
1388,771,848,1373,1128,668
1416,740,842,1403,1196,668
1408,806,841,1452,1279,699
1425,788,854,1500,1278,699
1467,845,743,1412,1278,689
1437,797,694,1394,1320,689
1438,671,644,1362,1292,687
1438,628,636,1362,1293,677
1437,629,641,1306,1213,677
1427,639,641,1296,1198,689
1424,642,637,1296,1242,680
1262,802,637,1296,1194,667
1107,955,643,1296,1186,660
1112,955,642,1296,1127,680
1119,955,661,1150,1045,680
1143,955,657,1144,947,680
1316,955,630,1106,918,672
1323,959,567,1106,892,672
1214,1143,557,1088,633,672
1217,1155,541,1088,606,634
1180,1187,541,1090,529,642
1209,1189,541,1047,527,645
1049,1349,541,1040,527,629
1079,1453,541,1108,502,606
1040,1547,541,1111,627,640
1127,1547,520,1108,705,704
1119,1558,444,989,803,721
1106,1538,436,657,832,595
1050,1549,383,610,757,502
1049,1473,290,580,714,386
974,1367,169,667,707,336
919,1388,99,588,777,314
886,1416,98,546,709,314
802,1408,98,497,704,278
798,1425,85,389,706,278
706,1467,84,367,735,278
692,1437,84,411,731,319
691,1438,84,430,698,319
709,1438,84,430,704,319
709,1437,88,434,712,319
709,1427,88,448,712,307
774,1424,88,534,668,247
845,1262,81,654,746,374
845,1107,263,683,904,374
840,1112,365,690,959,354
833,1119,356,694,1014,380
815,1143,354,748,1015,387
645,1316,381,803,1015,387
634,1323,750,803,1015,387
602,1214,750,815,1015,387
549,1217,750,815,1015,391
549,1180,750,793,1015,384
519,1209,750,792,1036,357
535,1049,750,790,1036,346
468,1079,750,722,1039,345
417,1040,750,746,914,311
351,1127,736,780,836,247
357,1119,736,991,738,230
441,1106,764,994,709,230
604,1050,771,978,697,230
607,1049,778,1049,628,230
644,974,775,1086,622,224
644,919,775,1304,591,224
641,886,786,1243,601,225
641,802,786,1240,707,246
628,798,888,1200,706,258
621,706,1042,1199,704,270
622,692,1063,1145,801,229
622,691,1083,1126,914,239
601,709,1086,1126,930,239
620,709,1077,1122,1066,240
627,709,1080,1108,1066,431
562,774,1148,1022,1066,444
517,845,1139,902,988,339
556,845,951,873,830,427
556,840,848,866,775,433
556,833,837,884,720,417
570,815,837,830,732,446
574,645,835,775,732,446
708,634,485,775,777,446
708,602,485,763,880,446
749,549,485,776,999,442
778,549,485,835,1016,441
804,519,489,835,1042,464
982,535,489,914,1206,486
935,468,508,1079,1294,515
931,417,510,1071,1328,522
910,351,510,1087,1412,674
901,357,632,920,1412,674
816,441,672,917,1429,675
692,604,720,917,1499,687
689,607,713,846,1523,691
652,644,765,704,1519,762
652,644,780,463,1509,822
652,641,837,513,1499,832
652,641,838,715,1315,817
652,628,743,786,1308,805
652,621,592,812,1281,793
651,622,571,863,1146,793
651,622,551,892,1031,783
651,601,548,1008,1008,783
632,620,548,1018,870,782
625,627,545,1018,920,591
628,562,477,1022,955,573
782,517,466,1055,992,591
820,556,466,1231,992,516
824,556,462,1254,1207,510
824,556,534,1232,1211,500
804,570,547,1251,1219,634
797,574,571,1251,1224,717
790,708,600,1256,1179,721
807,708,622,1327,1076,768
784,749,648,1358,976,805
816,778,654,1299,972,875
821,804,650,1306,954,958
645,982,650,1233,831,950
628,935,631,1068,740,1056
688,931,629,1040,706,1104
697,910,629,989,621,977
736,901,507,945,621,977
739,816,439,977,604,976
700,692,384,1094,534,964
700,689,388,1112,510,960
725,652,340,1112,510,889
725,652,326,1158,475,829
725,652,258,1108,475,818
725,652,257,917,475,815
731,652,250,852,475,823
735,652,247,888,475,846
735,651,247,930,475,856
735,651,247,927,475,915
735,651,290,811,475,922
735,632,492,801,469,922
735,625,578,803,419,922
732,628,578,857,384,922
552,782,578,825,347,877
475,820,578,696,347,906
471,824,578,673,132,906
471,824,505,685,128,906
471,804,492,674,107,736
500,797,448,674,102,653
373,790,471,669,102,682
311,807,451,598,102,635
289,784,479,716,83,598
228,816,473,724,136,528
198,821,473,730,107,520
190,645,473,747,66,517
275,628,473,747,66,382
276,688,473,747,66,327
267,697,473,747,90,302
228,736,475,747,92,317
486,739,475,715,92,317
507,700,475,598,198,317
507,700,476,579,279,427
533,725,540,579,370,432
533,725,683,532,370,432
632,725,721,532,398,432
632,725,776,521,413,557
626,731,776,515,433,571
627,735,935,453,444,548
627,735,983,360,479,538
627,735,983,392,638,876
693,735,945,418,724,869
693,735,743,423,724,908
693,735,662,437,762,959
693,732,662,379,902,1144
693,552,703,378,903,1191
693,475,703,331,903,1160
693,471,703,331,903,1173
693,471,703,326,903,1197
765,471,703,321,951,1247
866,500,709,330,1112,1385
871,373,639,367,1159,1384
893,311,648,386,1177,1384
972,289,594,291,1183,1487
1100,228,594,354,1123,1512
1106,198,594,341,1195,1428
1096,190,594,318,1443,1468
1008,275,594,330,1443,1468
947,276,594,345,1443,1468
947,267,594,345,1419,1470
947,228,592,567,1417,1456
940,486,650,653,1417,1456
919,507,685,658,1311,1456
1062,507,684,658,1261,1346
1073,533,661,658,1204,1341
1164,533,711,658,1278,1341
1100,632,757,658,1250,1341
1129,632,702,746,1235,1213
1129,626,702,746,1220,1191
1151,627,543,824,1237,1288
1151,627,879,841,1290,1338
1151,627,879,836,1175,941
1151,693,874,810,1213,941
1151,693,874,805,1267,1017
1158,693,869,846,1230,1114
1160,693,882,848,1122,929
1160,693,889,848,1173,898
1160,693,889,876,1266,879
1160,693,889,876,1383,866
1160,693,889,869,1425,842
1088,765,905,1109,1448,933
958,866,893,1100,1409,803
953,871,892,1063,1376,782
931,893,881,1044,1399,782
852,972,888,977,1401,681
724,1100,888,906,1398,656
716,1106,888,906,1374,642
716,1096,888,1077,1320,591
716,1008,888,1153,1495,591
716,947,888,1138,1529,591
716,947,888,1138,1589,608
716,947,898,916,1618,624
462,940,892,870,1618,625
462,919,896,895,1713,629
319,1062,933,895,1689,629
340,1073,888,900,1656,629
378,1164,694,967,1583,629
344,1100,655,971,1591,629
315,1129,750,883,1593,629
319,1129,750,883,1588,629
299,1151,750,805,1560,532
304,1151,366,808,1472,482
304,1151,471,765,1428,482
238,1151,490,766,1304,482
238,1151,508,832,1307,367
231,1158,511,820,1382,219
267,1160,498,821,1417,219
272,1160,508,821,1369,223
276,1160,705,793,1313,223
276,1160,727,793,1197,223
276,1160,727,793,1155,223
317,1088,711,622,1084,82
317,958,749,801,962,88
447,953,749,854,992,124
468,931,754,854,995,124
468,852,747,854,987,122
471,724,747,854,984,122
471,716,747,869,936,134
494,716,786,704,834,188
494,716,786,690,659,222
536,716,786,904,625,501
597,716,786,904,565,482
597,716,776,904,840,465
597,462,743,864,881,465
605,462,704,879,810,461
605,319,663,879,899,475
522,340,832,874,907,531
433,378,855,828,906,612
777,344,810,877,903,617
777,315,935,880,901,713
885,319,935,880,901,831
1024,299,935,888,952,832
1110,304,935,869,1009,834
1225,304,830,865,1035,1012
1237,238,811,864,1035,1021
1237,238,793,839,1028,1044
1237,231,790,812,963,1062
1199,267,793,809,974,1132
1196,272,735,922,1304,1113
1302,276,538,922,1268,1113
1326,276,516,941,1267,1363
1326,276,533,943,1267,1469
1474,317,533,871,1267,1553
1829,317,495,692,1267,1539
1722,447,495,639,1223,1666
1777,468,490,639,1179,1748
1787,468,490,639,1179,1748
1784,471,490,639,1179,1748
1784,471,591,627,1179,1736
1761,494,552,685,1087,1682
1761,494,626,687,1196,1670
1719,536,816,473,1202,1391
1658,597,819,683,1207,1391
1696,597,819,741,912,1391
1877,597,800,758,871,1390
1921,605,800,713,847,1390
1922,605,800,713,751,1376
1922,522,631,713,771,1320
1882,433,608,707,772,1239
1565,777,608,1057,767,1234
1565,777,389,1283,767,1138
1453,885,482,1283,767,1020
1379,1024,482,1275,716,1022
1376,1110,482,1274,659,1020
1261,1225,482,1268,710,867
1249,1237,482,1268,729,878
1249,1237,482,1227,679,860
1249,1237,576,1209,668,842
1249,1199,573,1209,590,772
1247,1196,573,1096,256,771
1206,1302,573,1100,255,771
1386,1326,573,1081,312,527
1387,1326,556,1079,312,434
1212,1474,556,1079,312,358
858,1829,556,1079,479,358
839,1722,556,1079,489,184
763,1777,556,1079,530,118
812,1787,556,1155,530,174
825,1784,556,1253,530,193
959,1784,455,1302,544,381
959,1761,455,1264,549,630
959,1761,381,1190,440,609
988,1719,396,1257,434,613
989,1658,432,1091,429,677
951,1696,458,1033,420,682
770,1877,476,1065,420,682
718,1921,476,1065,425,683
717,1922,568,1065,476,683
717,1922,694,1065,447,683
717,1882,740,1052,446,683
689,1565,740,649,446,683
689,1565,739,420,446,683
720,1453,646,428,446,683
722,1379,648,491,446,680
634,1376,650,491,456,680
634,1261,650,491,379,655
727,1249,650,491,360,715
762,1249,650,491,360,747
762,1249,556,510,374,752
762,1249,556,510,375,784
799,1247,558,511,375,934
730,1206,600,515,375,995
526,1386,605,515,318,990
525,1387,605,515,318,977
512,1212,605,679,318,969
511,858,605,682,151,976
507,839,605,702,380,977
523,763,605,760,352,961
531,812,605,734,352,928
518,825,639,689,352,927
385,959,684,637,338,739
406,959,761,611,333,490
423,959,942,609,333,489
394,988,771,542,333,485
519,989,740,505,406,421
627,951,806,506,409,416
708,770,788,457,509,423
804,718,845,569,615,422
858,717,797,618,592,422
1013,717,671,668,624,485
1046,717,628,674,624,485
1134,689,629,674,680,565
1138,689,639,674,690,580
1108,720,642,670,690,580
1034,722,802,634,690,628
1034,634,955,634,680,636
1035,634,955,640,680,695
944,727,955,642,826,697
909,762,955,648,832,758
909,762,955,657,856,782
924,762,959,720,855,776
888,799,1143,729,873,885
888,730,1155,737,873,851
890,526,1187,737,893,927
891,525,1189,737,937,929
893,512,1349,573,946,929
893,511,1453,570,946,947
930,507,1547,550,716,946
915,523,1547,527,707,947
848,531,1558,553,826,924
850,518,1538,508,1158,906
849,385,1549,561,1221,993
832,406,1473,654,1252,1105
820,423,1367,778,1270,1122
821,394,1388,848,1373,1128
722,519,1416,842,1403,1196
754,627,1408,841,1452,1279
702,708,1425,854,1500,1278
612,804,1467,743,1412,1278
559,858,1437,694,1394,1320
410,1013,1438,644,1362,1292
388,1046,1438,636,1362,1293
306,1134,1437,641,1306,1213
302,1138,1427,641,1296,1198
332,1108,1424,637,1296,1242
347,1034,1262,637,1296,1194
377,1034,1107,643,1296,1186
480,1035,1112,642,1296,1127
495,944,1119,661,1150,1045
577,909,1143,657,1144,947
717,909,1316,630,1106,918
809,924,1323,567,1106,892
883,888,1214,557,1088,633
884,888,1217,541,1088,606
882,890,1180,541,1090,529
883,891,1209,541,1047,527
887,893,1049,541,1040,527
889,893,1079,541,1108,502
852,930,1040,541,1111,627
851,915,1127,520,1108,705
901,848,1119,444,989,803
1010,850,1106,436,657,832
1092,849,1050,383,610,757
1091,832,1049,290,580,714
1086,820,974,169,667,707
1314,821,919,99,588,777
1335,722,886,98,546,709
1203,754,802,98,497,704
1293,702,798,85,389,706
1287,612,706,84,367,735
1306,559,692,84,411,731
1325,410,691,84,430,698
1365,388,709,84,430,704
1364,306,709,88,434,712
1415,302,709,88,448,712
1384,332,774,88,534,668
1369,347,845,81,654,746
1359,377,845,263,683,904
1255,480,840,365,690,959
1248,495,833,356,694,1014
1166,577,815,354,748,1015
1026,717,645,381,803,1015
919,809,634,750,803,1015
844,883,602,750,815,1015
868,884,549,750,815,1015
898,882,549,750,793,1015
896,883,519,750,792,1036
900,887,535,750,790,1036
928,889,468,750,722,1039
928,852,417,750,746,914
928,851,351,736,780,836
878,901,357,736,991,738
770,1010,441,764,994,709
708,1092,604,771,978,697
705,1091,607,778,1049,628
705,1086,644,775,1086,622
476,1314,644,775,1304,591
428,1335,641,786,1243,601
428,1203,641,786,1240,707
309,1293,628,888,1200,706
311,1287,621,1042,1199,704
309,1306,622,1063,1145,801
347,1325,622,1083,1126,914
316,1365,601,1086,1126,930
321,1364,620,1077,1122,1066
351,1415,627,1080,1108,1066
359,1384,562,1148,1022,1066
359,1369,517,1139,902,988
339,1359,556,951,873,830
339,1255,556,848,866,775
337,1248,556,837,884,720
337,1166,570,837,830,732
337,1026,574,835,775,732
337,919,708,485,775,777
367,844,708,485,763,880
342,868,749,485,776,999
391,898,778,485,835,1016
399,896,804,489,835,1042
388,900,982,489,914,1206
358,928,935,508,1079,1294
358,928,931,510,1071,1328
358,928,910,510,1087,1412
358,878,901,632,920,1412
355,770,816,672,917,1429
378,708,692,720,917,1499
378,705,689,713,846,1523
378,705,652,765,704,1519
378,476,652,780,463,1509
378,428,652,837,513,1499
370,428,652,838,715,1315
370,309,652,743,786,1308
388,311,652,592,812,1281
375,309,651,571,863,1146
312,347,651,551,892,1031
297,316,651,548,1008,1008
296,321,632,548,1018,870
215,351,625,545,1018,920
219,359,628,477,1022,955
219,359,782,466,1055,992
219,339,820,466,1231,992
219,339,824,462,1254,1207
211,337,824,534,1232,1211
211,337,804,547,1251,1219
211,337,797,571,1251,1224
211,337,790,600,1256,1179
181,367,807,622,1327,1076
181,342,784,648,1358,976
102,391,816,654,1299,972
94,399,821,650,1306,954
124,388,645,650,1233,831
154,358,628,631,1068,740
197,358,688,629,1040,706
259,358,697,629,989,621
330,358,736,507,945,621
330,355,739,439,977,604
297,378,700,384,1094,534
297,378,700,388,1112,510
297,378,725,340,1112,510
297,378,725,326,1158,475
297,378,725,258,1108,475
297,370,725,257,917,475
317,370,731,250,852,475
297,388,735,247,888,475
292,375,735,247,930,475
292,312,735,247,927,475
287,297,735,290,811,475
295,296,735,492,801,469
295,215,735,578,803,419
283,219,732,578,857,384
283,219,552,578,825,347
283,219,475,578,696,347
283,219,471,578,673,132
288,211,471,505,685,128
314,211,471,492,674,107
314,211,500,448,674,102
314,211,373,471,669,102
314,181,311,451,598,102
352,181,289,479,716,83
360,102,228,473,724,136
390,94,198,473,730,107
360,124,190,473,747,66
330,154,275,473,747,66
287,197,276,473,747,66
225,259,267,473,747,90
154,330,228,475,747,92
154,330,486,475,715,92
144,297,507,475,598,198
144,297,507,476,579,279
186,297,533,540,579,370
186,297,533,683,532,370
186,297,632,721,532,398
186,297,632,776,521,413
179,317,626,776,515,433
187,297,627,935,453,444
187,292,627,983,360,479
187,292,627,983,392,638
218,287,693,945,418,724
255,295,693,743,423,724
364,295,693,662,437,762
425,283,693,662,379,902
425,283,693,703,378,903
433,283,693,703,331,903
433,283,693,703,331,903
428,288,693,703,326,903
402,314,765,703,321,951
402,314,866,709,330,1112
402,314,871,639,367,1159
402,314,893,648,386,1177
364,352,972,594,291,1183
356,360,1100,594,354,1123
435,390,1106,594,341,1195
435,360,1096,594,318,1443
435,330,1008,594,330,1443
488,287,947,594,345,1443
488,225,947,594,345,1419
528,154,947,592,567,1417
630,154,940,650,653,1417
633,144,919,685,658,1311
648,144,1062,684,658,1261
611,186,1073,661,658,1204
674,186,1164,711,658,1278
674,186,1100,757,658,1250
711,186,1129,702,746,1235
698,179,1129,702,746,1220
690,187,1151,543,824,1237
726,187,1151,879,841,1290
741,187,1151,879,836,1175
760,218,1151,874,810,1213
754,255,1151,874,805,1267
864,364,1158,869,846,1230
811,425,1160,882,848,1122
1097,425,1160,889,848,1173
1101,433,1160,889,876,1266
1102,433,1160,889,876,1383
1104,428,1160,889,869,1425
1104,402,1088,905,1109,1448
1105,402,958,893,1100,1409
1105,402,953,892,1063,1376
1164,402,931,881,1044,1399
1164,364,852,888,977,1401
1164,356,724,888,906,1398
1055,435,716,888,906,1374
1055,435,716,888,1077,1320
1055,435,716,888,1153,1495
1002,488,716,888,1138,1529
1002,488,716,888,1138,1589
962,528,716,898,916,1618
860,630,462,892,870,1618
857,633,462,896,895,1713
859,648,319,933,895,1689
854,611,340,888,900,1656
812,674,378,694,967,1583
833,674,344,655,971,1591
811,711,315,750,883,1593
811,698,319,750,883,1588
937,690,299,750,805,1560
1032,726,304,366,808,1472
1032,741,304,471,765,1428
989,760,238,490,766,1304
946,754,238,508,832,1307
729,864,231,511,820,1382
735,811,267,498,821,1417
451,1097,272,508,821,1369
458,1101,276,705,793,1313
457,1102,276,727,793,1197
467,1104,276,727,793,1155
552,1104,317,711,622,1084
590,1105,317,749,801,962
590,1105,447,749,854,992
531,1164,468,754,854,995
536,1164,468,747,854,987
536,1164,471,747,854,984
536,1055,471,747,869,936
542,1055,494,786,704,834
598,1055,494,786,690,659
729,1002,536,786,904,625
829,1002,597,786,904,565
832,962,597,776,904,840
971,860,597,743,864,881
1021,857,605,704,879,810
1004,859,605,663,879,899
1004,854,522,832,874,907
997,812,433,855,828,906
977,833,777,810,877,903
980,811,777,935,880,901
980,811,885,935,880,901
854,937,1024,935,888,952
725,1032,1110,935,869,1009
710,1032,1225,830,865,1035
705,989,1237,811,864,1035
700,946,1237,793,839,1028
728,729,1237,790,812,963
714,735,1199,793,809,974
712,451,1196,735,922,1304
718,458,1302,538,922,1268
753,457,1326,516,941,1267
805,467,1326,533,943,1267
861,552,1474,533,871,1267
822,590,1829,495,692,1267
822,590,1722,495,639,1223
822,531,1777,490,639,1179
817,536,1787,490,639,1179
817,536,1784,490,639,1179
817,536,1784,591,627,1179
811,542,1761,552,685,1087
770,598,1761,626,687,1196
639,729,1719,816,473,1202
540,829,1658,819,683,1207
579,832,1696,819,741,912
440,971,1877,800,758,871
401,1021,1921,800,713,847
402,1004,1922,800,713,751
656,1004,1922,631,713,771
642,997,1882,608,707,772
651,977,1565,608,1057,767
633,980,1565,389,1283,767
633,980,1453,482,1283,767
633,854,1379,482,1275,716
676,725,1376,482,1274,659
734,710,1261,482,1268,710
753,705,1249,482,1268,729
753,700,1249,482,1227,679
723,728,1249,576,1209,668
723,714,1249,573,1209,590
723,712,1247,573,1096,256
698,718,1206,573,1100,255
663,753,1386,573,1081,312
599,805,1387,556,1079,312
458,861,1212,556,1079,312
458,822,858,556,1079,479
458,822,839,556,1079,489
458,822,763,556,1079,530
458,817,812,556,1155,530
458,817,825,556,1253,530
458,817,959,455,1302,544
458,811,959,455,1264,549
443,770,959,381,1190,440
501,639,988,396,1257,434
505,540,989,432,1091,429
478,579,951,458,1033,420
500,440,770,476,1065,420
490,401,718,476,1065,425
490,402,717,568,1065,476
237,656,717,694,1065,447
239,642,717,740,1052,446
229,651,689,740,649,446
229,633,689,739,420,446
229,633,720,646,428,446
229,633,722,648,491,446
245,676,634,650,491,456
270,734,634,650,491,379
251,753,727,650,491,360
251,753,762,650,491,360
251,723,762,556,510,374
251,723,762,556,510,375
255,723,799,558,511,375
279,698,730,600,515,375
279,663,526,605,515,318
279,599,525,605,515,318
279,458,512,605,679,318
283,458,511,605,682,151
295,458,507,605,702,380
295,458,523,605,760,352
295,458,531,605,734,352
299,458,518,639,689,352
310,458,385,684,637,338
336,458,406,761,611,333
369,443,423,942,609,333
311,501,394,771,542,333
306,505,519,740,505,406
293,478,627,806,506,409
271,500,708,788,457,509
270,490,804,845,569,615
269,490,858,797,618,592
268,237,1013,671,668,624
266,239,1046,628,674,624
266,229,1134,629,674,680
266,229,1138,639,674,690
266,229,1108,642,670,690
266,229,1034,802,634,690
207,245,1034,955,634,680
126,270,1035,955,640,680
124,251,944,955,642,826
124,251,909,955,648,832
124,251,909,955,657,856
124,251,924,959,720,855
120,255,888,1143,729,873
96,279,888,1155,737,873
97,279,890,1187,737,893
97,279,891,1189,737,937
97,279,893,1349,573,946
93,283,893,1453,570,946
87,295,930,1547,550,716
95,295,915,1547,527,707
116,295,848,1558,553,826
167,299,850,1538,508,1158
579,310,849,1549,561,1221
589,336,832,1473,654,1252
564,369,820,1367,778,1270
698,311,821,1388,848,1373
708,306,722,1416,842,1403
784,293,754,1408,841,1452
784,271,702,1425,854,1500
788,270,612,1467,743,1412
860,269,559,1437,694,1394
1055,268,410,1438,644,1362
1208,266,388,1438,636,1362
1302,266,306,1437,641,1306
1608,266,302,1427,641,1296
1659,266,332,1424,637,1296
1671,266,347,1262,637,1296
1669,207,377,1107,643,1296
1690,126,480,1112,642,1296
1719,124,495,1119,661,1150
1737,124,577,1143,657,1144
1758,124,717,1316,630,1106
1776,124,809,1323,567,1106
1779,120,883,1214,557,1088
1779,96,884,1217,541,1088
1778,97,882,1180,541,1090
1783,97,883,1209,541,1047
1826,97,887,1049,541,1040
1841,93,889,1079,541,1108
1872,87,852,1040,541,1111
1883,95,851,1127,520,1108
2057,116,901,1119,444,989
2057,167,1010,1106,436,657
1690,579,1092,1050,383,610
1871,589,1091,1049,290,580
1902,564,1086,974,169,667
1787,698,1314,919,99,588
1792,708,1335,886,98,546
1719,784,1203,802,98,497
1719,784,1293,798,85,389
1715,788,1287,706,84,367
1654,860,1306,692,84,411
1464,1055,1325,691,84,430
1311,1208,1365,709,84,430
1217,1302,1364,709,88,434
911,1608,1415,709,88,448
860,1659,1384,774,88,534
852,1671,1369,845,81,654
897,1669,1359,845,263,683
948,1690,1255,840,365,690
1015,1719,1248,833,356,694
1006,1737,1166,815,354,748
985,1758,1026,645,381,803
967,1776,919,634,750,803
964,1779,844,602,750,815
973,1779,868,549,750,815
973,1778,898,549,750,793
968,1783,896,519,750,792
925,1826,900,535,750,790
941,1841,928,468,750,722
904,1872,928,417,750,746
903,1883,928,351,736,780
708,2057,878,357,736,991
653,2057,770,441,764,994
597,1690,708,604,771,978
380,1871,705,607,778,1049
341,1902,705,644,775,1086
323,1787,476,644,775,1304
308,1792,428,641,786,1243
303,1719,428,641,786,1240
303,1719,309,628,888,1200
303,1715,311,621,1042,1199
292,1654,309,622,1063,1145
290,1464,347,622,1083,1126
309,1311,316,601,1086,1126
341,1217,321,620,1077,1122
343,911,351,627,1080,1108
344,860,359,562,1148,1022
357,852,359,517,1139,902
357,897,339,556,951,873
283,948,339,556,848,866
187,1015,337,556,837,884
178,1006,337,570,837,830
181,985,337,574,835,775
186,967,337,708,485,775
192,964,367,708,485,763
183,973,342,749,485,776
183,973,391,778,485,835
183,968,399,804,489,835
183,925,388,982,489,914
154,941,358,935,508,1079
155,904,358,931,510,1071
174,903,358,910,510,1087
202,708,358,901,632,920
202,653,355,816,672,917
221,597,378,692,720,917
221,380,378,689,713,846
221,341,378,652,765,704
224,323,378,652,780,463
226,308,378,652,837,513
226,303,370,652,838,715
226,303,370,652,743,786
227,303,388,652,592,812
227,292,375,651,571,863
224,290,312,651,551,892
221,309,297,651,548,1008
272,341,296,632,548,1018
271,343,215,625,545,1018
270,344,219,628,477,1022
253,357,219,782,466,1055
208,357,219,820,466,1231
208,283,219,824,462,1254
208,187,211,824,534,1232
208,178,211,804,547,1251
205,181,211,797,571,1251
200,186,211,790,600,1256
194,192,181,807,622,1327
194,183,181,784,648,1358
194,183,102,816,654,1299
194,183,94,821,650,1306
194,183,124,645,650,1233
192,154,154,628,631,1068
198,155,197,688,629,1040
161,174,259,697,629,989
133,202,330,736,507,945
133,202,330,739,439,977
119,221,297,700,384,1094
119,221,297,700,388,1112
174,221,297,725,340,1112
218,224,297,725,326,1158
238,226,297,725,258,1108
317,226,297,725,257,917
317,226,317,731,250,852
316,227,297,735,247,888
316,227,292,735,247,930
316,224,292,735,247,927
312,221,287,735,290,811
252,272,295,735,492,801
318,271,295,735,578,803
358,270,283,732,578,857
402,253,283,552,578,825
423,208,283,475,578,696
517,208,283,471,578,673
612,208,288,471,505,685
690,208,314,471,492,674
846,205,314,500,448,674
915,200,314,373,471,669
917,194,314,311,451,598
917,194,352,289,479,716
961,194,360,228,473,724
961,194,390,198,473,730
1193,194,360,190,473,747
1193,192,330,275,473,747
1186,198,287,276,473,747
1264,161,225,267,473,747
1330,133,154,228,475,747
1330,133,154,486,475,715
1327,119,144,507,475,598
1358,119,144,507,476,579
1303,174,186,533,540,579
1297,218,186,533,683,532
1275,238,186,632,721,532
1196,317,186,632,776,521
1196,317,179,626,776,515
1238,316,187,627,935,453
1262,316,187,627,983,360
1265,316,187,627,983,392
1260,312,218,693,945,418
1238,252,255,693,743,423
1182,318,364,693,662,437
1258,358,425,693,662,379
1214,402,425,693,703,378
1193,423,433,693,703,331
1099,517,433,693,703,331
1004,612,428,693,703,326
926,690,402,765,703,321
770,846,402,866,709,330
701,915,402,871,639,367
700,917,402,893,648,386
700,917,364,972,594,291
701,961,356,1100,594,354
704,961,435,1106,594,341
472,1193,435,1096,594,318
754,1193,435,1008,594,330
772,1186,488,947,594,345
695,1264,488,947,594,345
708,1330,528,947,592,567
750,1330,630,940,650,653
748,1327,633,919,685,658
717,1358,648,1062,684,658
717,1303,611,1073,661,658
819,1297,674,1164,711,658
822,1275,674,1100,757,658
889,1196,711,1129,702,746
889,1196,698,1129,702,746
857,1238,690,1151,543,824
963,1262,726,1151,879,841
960,1265,741,1151,879,836
954,1260,760,1151,874,810
970,1238,754,1151,874,805
1165,1182,864,1158,869,846
1083,1258,811,1160,882,848
1084,1214,1097,1160,889,848
1084,1193,1101,1160,889,876
1152,1099,1102,1160,889,876
1152,1004,1104,1160,889,869
1152,926,1104,1088,905,1109
1152,770,1105,958,893,1100
1154,701,1105,953,892,1063
1206,700,1164,931,881,1044
1207,700,1164,852,888,977
1162,701,1164,724,888,906
1159,704,1055,716,888,906
1159,472,1055,716,888,1077
877,754,1055,716,888,1153
980,772,1002,716,888,1138
1038,695,1002,716,888,1138
961,708,962,716,898,916
1062,750,860,462,892,870
1071,748,857,462,896,895
1074,717,859,319,933,895
1159,717,854,340,888,900
1215,819,812,378,694,967
1508,822,833,344,655,971
1592,889,811,315,750,883
1614,889,811,319,750,883
1609,857,937,299,750,805
1480,963,1032,304,366,808
1480,960,1032,304,471,765
1479,954,989,238,490,766
1462,970,946,238,508,832
1281,1165,729,231,511,820
1247,1083,735,267,498,821
1246,1084,451,272,508,821
1246,1084,458,276,705,793
1178,1152,457,276,727,793
1178,1152,467,276,727,793
1360,1152,552,317,711,622
1392,1152,590,317,749,801
1390,1154,590,447,749,854
1375,1206,531,468,754,854
1374,1207,536,468,747,854
1398,1162,536,471,747,854
1399,1159,536,471,747,869
1399,1159,542,494,786,704
1402,877,598,494,786,690
1392,980,729,536,786,904
1339,1038,829,597,786,904
1340,961,832,597,776,904
1197,1062,971,597,743,864
1194,1071,1021,605,704,879
1191,1074,1004,605,663,879
1106,1159,1004,522,832,874
906,1215,997,433,855,828
610,1508,977,777,810,877
459,1592,980,777,935,880
443,1614,980,885,935,880
438,1609,854,1024,935,888
437,1480,725,1110,935,869
437,1480,710,1225,830,865
437,1479,705,1237,811,864
445,1462,700,1237,793,839
551,1281,728,1237,790,812
551,1247,714,1199,793,809
604,1246,712,1196,735,922
605,1246,718,1302,538,922
608,1178,753,1326,516,941
608,1178,805,1326,533,943
426,1360,861,1474,533,871
394,1392,822,1829,495,692
395,1390,822,1722,495,639
357,1375,822,1777,490,639
421,1374,817,1787,490,639
397,1398,817,1784,490,639
396,1399,817,1784,591,627
396,1399,811,1761,552,685
407,1402,770,1761,626,687
296,1392,639,1719,816,473
290,1339,540,1658,819,683
287,1340,579,1696,819,741
287,1197,440,1877,800,758
281,1194,401,1921,800,713
281,1191,402,1922,800,713
281,1106,656,1922,631,713
342,906,642,1882,608,707
383,610,651,1565,608,1057
383,459,633,1565,389,1283
390,443,633,1453,482,1283
410,438,633,1379,482,1275
454,437,676,1376,482,1274
454,437,734,1261,482,1268
454,437,753,1249,482,1268
446,445,753,1249,482,1227
315,551,723,1249,576,1209
335,551,723,1249,573,1209
323,604,723,1247,573,1096
322,605,698,1206,573,1100
349,608,663,1386,573,1081
418,608,599,1387,556,1079
667,426,458,1212,556,1079
728,394,458,858,556,1079
763,395,458,839,556,1079
763,357,458,763,556,1079
699,421,458,812,556,1155
706,397,458,825,556,1253
767,396,458,959,455,1302
962,396,458,959,455,1264
951,407,443,959,381,1190
986,296,501,988,396,1257
1014,290,505,989,432,1091
1034,287,478,951,458,1033
1040,287,500,770,476,1065
1040,281,490,718,476,1065
1066,281,490,717,568,1065
1184,281,237,717,694,1065
1170,342,239,717,740,1052
1373,383,229,689,740,649
1402,383,229,689,739,420
1397,390,229,720,646,428
1380,410,229,722,648,491
1336,454,245,634,650,491
1336,454,270,634,650,491
1336,454,251,727,650,491
1336,446,251,762,650,491
1336,315,251,762,556,510
1316,335,251,762,556,510
1275,323,255,799,558,511
1275,322,279,730,600,515
1248,349,279,526,605,515
1180,418,279,525,605,515
931,667,279,512,605,679
882,728,283,511,605,682
896,763,295,507,605,702
896,763,295,523,605,760
896,699,295,531,605,734
1043,706,299,518,639,689
1121,767,310,385,684,637
947,962,336,406,761,611
977,951,369,423,942,609
942,986,311,394,771,542
927,1014,306,519,740,505
907,1034,293,627,806,506
901,1040,271,708,788,457
990,1040,270,804,845,569
964,1066,269,858,797,618
846,1184,268,1013,671,668
799,1170,266,1046,628,674
555,1373,266,1134,629,674
526,1402,266,1138,639,674
518,1397,266,1108,642,670
515,1380,266,1034,802,634
528,1336,207,1034,955,634
528,1336,126,1035,955,640
528,1336,124,944,955,642
544,1336,124,909,955,648
545,1336,124,909,955,657
545,1316,124,924,959,720
545,1275,120,888,1143,729
545,1275,96,888,1155,737
668,1248,97,890,1187,737
670,1180,97,891,1189,737
670,931,97,893,1349,573
658,882,93,893,1453,570
608,896,87,930,1547,550
690,896,95,915,1547,527
693,896,116,848,1558,553
562,1043,167,850,1538,508
504,1121,579,849,1549,561
511,947,589,832,1473,654
478,977,564,820,1367,778
491,942,698,821,1388,848
478,927,708,722,1416,842
497,907,784,754,1408,841
513,901,784,702,1425,854
424,990,788,612,1467,743
424,964,860,559,1437,694
425,846,1055,410,1438,644
573,799,1208,388,1438,636
693,555,1302,306,1437,641
778,526,1608,302,1427,641
936,518,1659,332,1424,637
937,515,1671,347,1262,637
925,528,1669,377,1107,643
989,528,1690,480,1112,642
1032,528,1719,495,1119,661
1146,544,1737,577,1143,657
1162,545,1758,717,1316,630
1162,545,1776,809,1323,567
1289,545,1779,883,1214,557
1352,545,1779,884,1217,541
1460,668,1778,882,1180,541
1491,670,1783,883,1209,541
1493,670,1826,887,1049,541
1533,658,1841,889,1079,541
1533,608,1872,852,1040,541
1452,690,1883,851,1127,520
