Accum_y-0,T-1,T-2,Accum_y-1,Accum_y-2,Accum_y-3,Accum_y-4,Accum_y-5,Accum_y-6
721,499,493,441,521,1048,582,946,1633
595,607,338,428,522,1354,569,939,1622
502,619,402,433,522,1398,558,948,1600
386,666,471,433,522,1532,514,1147,1671
336,671,522,485,538,1532,472,1391,1671
314,668,547,485,576,1532,472,1343,1691
314,668,547,486,577,1532,472,1240,1641
278,699,552,517,660,1532,472,1221,1668
278,699,552,517,683,1532,472,1222,1615
278,689,561,532,703,1532,472,1104,1602
319,689,561,538,901,1532,472,1070,1451
319,687,563,578,1050,1527,472,1056,1158
319,677,573,578,1017,1528,472,1020,1037
319,677,573,578,985,1521,472,898,1006
307,689,573,578,1026,1493,507,881,1001
247,680,647,522,1079,1489,517,868,1001
374,667,665,515,1118,1489,517,871,982
374,660,680,513,1127,1489,517,851,865
354,680,675,506,1179,1517,563,863,705
380,680,632,650,1086,1506,586,868,705
387,680,572,650,1073,1500,573,954,719
387,672,539,635,1073,1372,572,1036,727
387,672,486,608,1050,1371,650,1124,719
387,672,482,562,1072,1332,701,1188,691
391,634,520,545,1080,1318,650,1172,510
384,642,518,545,1102,1241,767,1200,341
357,645,542,545,1026,1213,777,1205,260
346,629,569,530,1016,1279,642,1197,199
345,606,593,528,1017,1151,487,1182,284
311,640,593,530,1017,1058,487,1182,293
247,704,593,525,1049,1020,490,1181,286
230,721,499,500,1091,782,491,1051,279
230,595,607,516,1091,550,491,1036,295
230,502,619,513,1091,564,491,1092,295
230,386,666,513,1091,437,495,999,219
224,336,671,461,1075,438,541,839,219
224,314,668,461,1042,438,546,907,220
225,314,668,460,1082,443,592,956,248
246,278,699,429,1059,445,607,985,301
258,278,699,429,1036,445,870,987,302
270,278,689,479,1021,445,925,952,389
229,319,689,518,817,445,980,952,389
239,319,687,593,650,445,1012,1144,411
239,319,677,726,549,443,1212,1147,433
240,319,677,745,482,443,1216,1147,443
431,307,689,746,440,434,1181,1147,511
444,247,680,746,387,434,1171,1157,582
339,374,667,666,348,434,1171,1154,584
427,374,660,605,339,434,1211,1141,700
433,354,680,609,279,406,1275,1128,710
417,380,680,526,273,361,1382,1123,710
446,387,680,558,273,342,1380,1051,696
446,387,672,558,293,314,1419,980,688
446,387,672,555,293,312,1435,924,686
446,387,672,555,273,312,1402,859,726
442,391,634,555,292,312,1469,817,754
441,384,642,568,271,286,1491,744,754
464,357,645,568,271,267,1457,707,754
486,346,629,567,314,198,1448,729,844
515,345,606,567,313,324,1448,769,807
522,311,640,565,313,366,1448,769,794
674,247,704,548,281,367,1445,820,934
674,230,721,553,230,364,1444,897,937
675,230,595,543,235,262,1444,874,921
687,230,502,544,241,329,1469,823,921
691,230,386,550,266,322,1479,753,920
762,224,336,554,266,321,1433,727,938
822,224,314,560,263,321,1428,670,916
832,225,314,560,228,316,1382,668,890
817,246,278,573,168,317,1367,708,797
805,258,278,594,255,317,1105,758,793
793,270,278,529,251,317,1050,780,706
793,229,319,484,251,317,1091,851,728
783,239,319,369,251,317,1059,717,706
783,239,319,236,251,317,859,723,684
782,240,319,217,251,317,855,794,675
591,431,307,216,251,317,1089,819,610
573,444,247,216,290,317,1246,815,539
591,339,374,216,362,317,1349,923,537
516,427,374,187,396,317,1368,1135,420
510,433,354,190,443,317,1260,1167,409
500,417,380,129,447,317,1130,1219,410
634,446,387,106,447,317,1130,1280,485
717,446,387,106,427,402,1080,1305,563
721,446,387,162,427,438,986,1272,572
768,446,387,184,425,438,960,1285,555
805,442,391,189,394,440,857,1404,527
875,441,384,227,393,440,718,1400,655
958,464,357,252,385,471,694,1400,719
950,486,346,252,329,469,693,1378,645
1056,515,345,252,329,422,693,1338,598
1104,522,311,252,415,409,693,1355,597
977,674,247,252,417,409,693,1322,493
977,674,230,263,453,409,693,1341,503
976,675,230,265,517,410,693,1375,525
964,687,230,318,526,282,668,1426,525
960,691,230,340,512,282,654,1424,525
889,762,224,342,529,282,654,1374,507
829,822,224,336,527,282,654,1441,506
818,832,225,336,523,285,654,1452,504
815,817,246,323,523,282,654,1384,565
823,805,258,302,436,282,653,1331,595
846,793,270,302,435,282,653,1309,651
856,793,229,302,435,282,585,1336,673
915,783,239,342,435,282,646,1330,710
922,783,239,383,435,282,706,1334,780
922,782,240,383,443,282,708,1263,781
922,591,431,406,472,282,530,1263,778
922,573,444,470,515,282,433,1267,781
877,591,339,476,446,282,330,1161,781
906,516,427,476,412,283,271,952,782
906,510,433,460,514,284,267,920,782
906,500,417,463,510,284,267,868,860
736,634,446,455,510,284,267,1064,785
653,717,446,564,510,202,267,1087,707
682,721,446,568,510,287,295,1117,698
635,768,446,545,542,299,328,1123,675
598,805,442,551,563,326,393,1057,675
528,875,441,500,569,370,405,1209,561
520,958,464,475,569,518,430,1209,497
517,950,486,475,571,525,465,1209,472
382,1056,515,475,571,432,466,1288,468
327,1104,522,545,523,403,498,1271,518
302,977,674,568,538,402,750,1253,482
317,977,674,559,503,402,809,1157,506
317,976,675,565,502,401,818,1123,542
317,964,687,607,694,401,818,1058,546
427,960,691,590,892,405,818,1021,551
432,889,762,584,877,413,818,1013,551
432,829,822,584,877,413,818,929,551
432,818,832,584,984,410,820,871,554
557,815,817,584,984,452,820,870,579
571,823,805,677,992,464,833,870,550
548,846,793,766,992,500,869,881,494
538,856,793,766,992,500,841,787,450
876,915,783,726,992,506,780,779,438
869,922,783,685,992,574,720,769,389
908,922,782,685,984,821,827,785,409
959,922,591,662,955,1091,771,760,473
1144,922,573,723,873,1091,711,750,470
1191,877,591,721,870,1121,711,748,591
1160,906,516,722,870,1158,727,745,594
1173,906,510,737,721,1157,739,745,594
1197,906,500,734,721,1247,745,745,523
1247,736,634,733,721,1247,756,474,557
1385,653,717,624,721,1244,767,415,590
1384,682,721,563,721,1123,739,385,591
1384,635,768,563,689,1111,711,366,607
1487,598,805,796,668,1179,646,312,624
1512,528,875,796,675,1135,634,157,756
1428,520,958,796,675,956,609,157,756
1468,517,950,796,673,949,574,159,756
1468,382,1056,796,707,984,573,90,756
1468,327,1104,772,669,1005,559,117,769
1470,302,977,749,710,1022,382,117,809
1456,317,977,740,709,1046,334,117,997
1456,317,976,758,640,1046,461,117,940
1456,317,964,660,433,1046,461,208,936
1346,427,960,649,224,1131,465,222,931
1341,432,889,649,222,1123,488,222,938
1341,432,829,649,295,1161,504,356,947
1341,432,818,649,208,1161,517,364,944
1213,557,815,649,299,1120,523,364,858
1191,571,823,556,291,1108,510,364,857
1288,548,846,468,291,1240,474,353,857
1338,538,856,468,291,1240,476,666,857
941,876,915,468,291,1234,476,678,832
941,869,922,468,291,1230,476,748,811
1017,908,922,468,305,983,367,733,789
1114,959,922,468,326,713,367,733,725
929,1144,922,343,326,713,367,733,725
898,1191,877,339,327,683,367,733,607
879,1160,906,338,423,645,351,733,603
866,1173,906,323,423,645,339,733,609
842,1197,906,323,444,555,333,733,610
933,1247,736,325,444,555,322,733,618
803,1385,653,326,444,555,311,757,585
782,1384,682,326,444,555,311,791,584
782,1384,635,376,444,555,330,791,568
681,1487,598,334,444,458,330,791,551
656,1512,528,392,431,484,330,793,405
642,1428,520,456,484,523,340,793,486
591,1468,517,505,587,549,408,791,717
591,1468,382,505,568,537,492,781,717
591,1468,327,493,606,611,474,754,896
608,1470,302,507,548,594,415,772,883
624,1456,317,759,548,570,406,929,667
625,1456,317,772,623,570,270,937,887
629,1456,317,848,671,570,270,846,920
629,1346,427,848,695,481,274,832,1176
629,1341,432,848,705,481,465,854,1208
629,1341,432,848,634,443,449,721,1211
629,1341,432,848,614,443,436,759,1219
629,1213,557,848,523,442,524,1039,1328
629,1191,571,848,523,442,538,1156,1364
532,1288,548,847,523,274,541,1165,1402
482,1338,538,847,523,281,539,848,1415
482,941,876,847,525,281,561,834,1415
482,941,869,957,661,217,561,820,1415
367,1017,908,957,715,217,561,890,1415
219,1114,959,1024,724,232,561,893,1415
219,929,1144,1024,776,392,561,893,1415
223,898,1191,1024,775,392,561,893,1412
223,879,1160,1027,679,392,564,909,1562
223,866,1173,1076,679,396,569,909,1588
223,842,1197,1093,681,398,571,909,1596
82,933,1247,1091,689,471,571,909,1758
88,803,1385,1134,689,493,571,885,1816
124,782,1384,1273,689,493,571,851,1837
124,782,1384,1657,689,493,547,851,1971
122,681,1487,1456,689,532,557,851,1971
122,656,1512,1398,689,506,598,849,1971
134,642,1428,1334,636,467,605,849,1934
188,591,1468,1285,533,441,600,853,1703
222,591,1468,1286,525,417,555,902,1703
501,591,1468,1252,506,322,593,930,1461
482,608,1470,1297,506,322,577,947,1434
465,624,1456,1045,506,322,594,856,1425
465,625,1456,1055,454,322,594,1001,1209
461,629,1456,1007,406,322,596,1002,1205
475,629,1346,1007,382,322,622,1003,949
531,629,1341,1007,499,322,466,993,910
612,629,1341,1019,497,322,469,992,898
617,629,1341,1032,567,322,467,946,890
713,629,1213,1135,654,322,373,666,781
831,629,1191,1249,682,322,359,549,745
832,532,1288,1249,682,322,356,540,707
834,482,1338,1249,863,315,356,589,694
1012,482,941,1249,900,494,334,551,694
1021,482,941,1139,995,623,334,525,807
1044,367,1017,1160,927,623,363,458,967
1062,219,1114,1093,1010,608,371,455,1123
1132,219,929,1093,982,448,424,455,1123
1113,223,898,1093,982,448,427,455,1123
1113,223,879,1092,983,448,464,439,973
1363,223,866,1044,1022,444,542,439,941
1469,223,842,1087,1097,442,544,439,924
1553,82,933,1087,1112,369,663,439,820
1539,88,803,1043,1124,347,956,439,774
1666,124,782,904,1221,356,967,439,754
1748,124,782,470,1249,506,1206,439,620
1748,122,681,469,1278,473,1196,454,620
1748,122,656,469,1278,473,1155,469,620
1736,134,642,469,1278,473,1138,469,678
1682,188,591,469,1278,473,1075,465,793
1670,222,591,468,1271,473,1055,527,794
1391,501,591,468,1252,473,1043,569,799
1391,482,608,409,1252,473,1043,535,799
1391,465,624,409,1252,482,1024,647,987
1390,465,625,354,1229,629,1024,519,982
1390,461,629,326,1229,629,1022,545,953
1376,475,629,327,1229,629,989,574,953
1320,531,629,658,1233,658,1126,568,953
1239,612,629,759,1239,658,1123,575,953
1234,617,629,776,1167,658,1123,577,963
1138,713,629,673,1081,658,1123,709,963
1020,831,629,560,1053,658,1123,711,963
1022,832,532,610,1056,658,1123,794,966
1020,834,482,652,875,658,1123,782,1150
867,1012,482,652,836,479,1123,778,1162
878,1021,482,652,641,350,1123,745,1050
860,1044,367,631,641,350,1094,1020,917
842,1062,219,631,539,350,1086,1022,800
772,1132,219,631,518,350,1033,1024,800
771,1113,223,631,537,382,1144,1024,802
771,1113,223,629,654,388,1112,1024,802
527,1363,223,628,620,388,1029,1024,805
434,1469,223,575,562,388,1060,1024,805
358,1553,82,575,539,388,1025,1123,723
358,1539,88,586,549,390,742,1123,713
184,1666,124,596,453,400,731,1123,910
118,1748,124,613,427,250,492,1158,912
174,1748,122,652,456,244,492,1143,1092
193,1748,122,825,456,285,492,1203,1102
381,1736,134,842,456,369,492,1372,1062
630,1682,188,842,456,399,493,1419,947
609,1670,222,842,456,399,474,1309,946
613,1391,501,842,509,410,502,1241,993
677,1391,482,842,512,481,515,1272,993
682,1391,465,842,518,627,515,1114,805
682,1390,465,842,537,517,515,1096,979
683,1390,461,843,551,517,515,1069,1110
683,1376,475,842,551,518,514,1039,1216
683,1320,531,511,420,491,319,1034,1221
683,1239,612,398,414,491,337,1027,1221
683,1234,617,368,425,491,340,1025,1211
683,1138,713,368,456,491,340,901,1211
683,1020,831,367,478,491,370,904,1259
680,1022,832,317,552,491,496,821,1263
680,1020,834,275,624,491,550,784,1079
655,867,1012,280,645,491,581,819,1160
715,878,1021,323,618,491,581,819,1174
747,860,1044,383,757,491,596,541,1147
752,842,1062,424,746,491,703,553,1108
784,772,1132,477,743,491,950,552,1108
934,771,1113,481,724,459,871,598,1137
995,771,1113,481,643,453,905,616,1137
990,527,1363,483,638,453,1257,616,1147
977,434,1469,476,598,453,1400,616,1147
969,358,1553,476,715,453,1421,529,1133
976,358,1539,465,713,473,1411,530,1138
977,184,1666,455,753,471,1412,530,941
961,118,1748,438,753,517,1413,495,1098
928,174,1748,493,695,703,1416,519,952
927,193,1748,338,713,671,1465,444,1081
739,381,1736,402,766,647,1651,275,1073
490,630,1682,471,839,640,1702,228,1128
489,609,1670,522,848,640,1720,227,1134
485,613,1391,547,795,629,1666,225,1205
421,677,1391,547,834,558,1716,247,1292
416,682,1391,552,828,403,1739,356,1391
423,682,1390,552,810,366,1857,502,1271
422,683,1390,561,842,366,1886,505,1161
422,683,1376,561,852,365,2073,505,1055
485,683,1320,563,852,363,2089,504,1050
485,683,1239,573,854,381,2072,527,1195
565,683,1234,573,843,381,2111,527,1247
580,683,1138,573,811,418,2138,520,1252
580,683,1020,647,789,418,2154,515,1231
628,680,1022,665,715,496,2127,515,1226
636,680,1020,680,651,555,2080,515,1235
695,655,867,675,742,561,2049,480,1142
697,715,878,632,733,563,2049,480,1159
758,747,860,572,594,563,2034,479,1172
782,752,842,539,607,563,1984,465,1242
776,784,772,486,619,565,1742,535,1354
885,934,771,482,629,592,1731,494,1467
851,995,771,520,592,592,1697,512,1467
927,990,527,518,592,624,1406,551,1550
929,977,434,542,616,673,1228,611,1616
929,969,358,569,499,717,1123,631,1650
947,976,358,593,481,695,1132,631,1643
946,977,184,593,440,680,1141,713,1642
947,961,118,593,438,678,1144,796,1483
924,928,174,499,457,501,1209,788,1503
906,927,193,607,452,492,1188,801,1409
993,739,381,619,399,432,1005,812,1355
1105,490,630,666,326,409,953,856,1303
1122,489,609,671,317,409,935,898,1297
1128,485,613,668,317,409,935,898,1228
1196,421,677,668,275,409,872,844,1244
1279,416,682,699,275,409,849,715,1164
1278,423,682,699,274,409,731,562,1110
1278,422,683,689,228,409,702,559,1242
1320,422,683,689,218,415,515,559,1276
1292,485,683,687,218,433,504,559,1290
1293,485,683,677,216,549,504,536,1181
1213,565,683,677,216,648,469,536,1251
1198,580,683,689,216,612,479,535,1263
1242,580,683,680,272,612,437,535,1249
1194,628,680,667,356,534,338,535,1247
1186,636,680,660,440,475,331,535,1271
1127,695,655,680,344,477,331,537,1272
1045,697,715,680,344,574,387,537,1240
947,758,747,680,344,587,412,552,1227
918,782,752,672,346,587,511,564,1157
892,776,784,672,365,608,509,493,1046
633,885,934,672,402,581,524,496,903
606,851,995,634,419,585,530,547,962
529,927,990,642,419,553,572,508,918
527,929,977,645,395,588,619,496,884
527,929,969,629,411,567,624,609,854
502,947,976,606,411,567,758,763,869
627,946,977,640,411,565,841,681,869
705,947,961,704,433,521,875,598,870
803,924,928,721,441,521,1048,582,946
832,906,927,595,428,522,1354,569,939
757,993,739,502,433,522,1398,558,948
714,1105,490,386,433,522,1532,514,1147
707,1122,489,336,485,538,1532,472,1391
777,1128,485,314,485,576,1532,472,1343
709,1196,421,314,486,577,1532,472,1240
704,1279,416,278,517,660,1532,472,1221
706,1278,423,278,517,683,1532,472,1222
735,1278,422,278,532,703,1532,472,1104
731,1320,422,319,538,901,1532,472,1070
698,1292,485,319,578,1050,1527,472,1056
704,1293,485,319,578,1017,1528,472,1020
712,1213,565,319,578,985,1521,472,898
712,1198,580,307,578,1026,1493,507,881
668,1242,580,247,522,1079,1489,517,868
746,1194,628,374,515,1118,1489,517,871
904,1186,636,374,513,1127,1489,517,851
959,1127,695,354,506,1179,1517,563,863
1014,1045,697,380,650,1086,1506,586,868
1015,947,758,387,650,1073,1500,573,954
1015,918,782,387,635,1073,1372,572,1036
1015,892,776,387,608,1050,1371,650,1124
1015,633,885,387,562,1072,1332,701,1188
1015,606,851,391,545,1080,1318,650,1172
1015,529,927,384,545,1102,1241,767,1200
1036,527,929,357,545,1026,1213,777,1205
1036,527,929,346,530,1016,1279,642,1197
1039,502,947,345,528,1017,1151,487,1182
914,627,946,311,530,1017,1058,487,1182
836,705,947,247,525,1049,1020,490,1181
738,803,924,230,500,1091,782,491,1051
709,832,906,230,516,1091,550,491,1036
697,757,993,230,513,1091,564,491,1092
628,714,1105,230,513,1091,437,495,999
622,707,1122,224,461,1075,438,541,839
591,777,1128,224,461,1042,438,546,907
601,709,1196,225,460,1082,443,592,956
707,704,1279,246,429,1059,445,607,985
706,706,1278,258,429,1036,445,870,987
704,735,1278,270,479,1021,445,925,952
801,731,1320,229,518,817,445,980,952
914,698,1292,239,593,650,445,1012,1144
930,704,1293,239,726,549,443,1212,1147
1066,712,1213,240,745,482,443,1216,1147
1066,712,1198,431,746,440,434,1181,1147
1066,668,1242,444,746,387,434,1171,1157
988,746,1194,339,666,348,434,1171,1154
830,904,1186,427,605,339,434,1211,1141
775,959,1127,433,609,279,406,1275,1128
720,1014,1045,417,526,273,361,1382,1123
732,1015,947,446,558,273,342,1380,1051
732,1015,918,446,558,293,314,1419,980
777,1015,892,446,555,293,312,1435,924
880,1015,633,446,555,273,312,1402,859
999,1015,606,442,555,292,312,1469,817
1016,1015,529,441,568,271,286,1491,744
1042,1036,527,464,568,271,267,1457,707
1206,1036,527,486,567,314,198,1448,729
1294,1039,502,515,567,313,324,1448,769
1328,914,627,522,565,313,366,1448,769
1412,836,705,674,548,281,367,1445,820
1412,738,803,674,553,230,364,1444,897
1429,709,832,675,543,235,262,1444,874
1499,697,757,687,544,241,329,1469,823
1523,628,714,691,550,266,322,1479,753
1519,622,707,762,554,266,321,1433,727
1509,591,777,822,560,263,321,1428,670
1499,601,709,832,560,228,316,1382,668
1315,707,704,817,573,168,317,1367,708
1308,706,706,805,594,255,317,1105,758
1281,704,735,793,529,251,317,1050,780
1146,801,731,793,484,251,317,1091,851
1031,914,698,783,369,251,317,1059,717
1008,930,704,783,236,251,317,859,723
870,1066,712,782,217,251,317,855,794
920,1066,712,591,216,251,317,1089,819
955,1066,668,573,216,290,317,1246,815
992,988,746,591,216,362,317,1349,923
992,830,904,516,187,396,317,1368,1135
1207,775,959,510,190,443,317,1260,1167
1211,720,1014,500,129,447,317,1130,1219
1219,732,1015,634,106,447,317,1130,1280
1224,732,1015,717,106,427,402,1080,1305
1179,777,1015,721,162,427,438,986,1272
1076,880,1015,768,184,425,438,960,1285
976,999,1015,805,189,394,440,857,1404
972,1016,1015,875,227,393,440,718,1400
954,1042,1036,958,252,385,471,694,1400
831,1206,1036,950,252,329,469,693,1378
740,1294,1039,1056,252,329,422,693,1338
706,1328,914,1104,252,415,409,693,1355
621,1412,836,977,252,417,409,693,1322
621,1412,738,977,263,453,409,693,1341
604,1429,709,976,265,517,410,693,1375
534,1499,697,964,318,526,282,668,1426
510,1523,628,960,340,512,282,654,1424
510,1519,622,889,342,529,282,654,1374
475,1509,591,829,336,527,282,654,1441
475,1499,601,818,336,523,285,654,1452
475,1315,707,815,323,523,282,654,1384
475,1308,706,823,302,436,282,653,1331
475,1281,704,846,302,435,282,653,1309
475,1146,801,856,302,435,282,585,1336
475,1031,914,915,342,435,282,646,1330
475,1008,930,922,383,435,282,706,1334
469,870,1066,922,383,443,282,708,1263
419,920,1066,922,406,472,282,530,1263
384,955,1066,922,470,515,282,433,1267
347,992,988,877,476,446,282,330,1161
347,992,830,906,476,412,283,271,952
132,1207,775,906,460,514,284,267,920
128,1211,720,906,463,510,284,267,868
107,1219,732,736,455,510,284,267,1064
102,1224,732,653,564,510,202,267,1087
102,1179,777,682,568,510,287,295,1117
102,1076,880,635,545,542,299,328,1123
83,976,999,598,551,563,326,393,1057
136,972,1016,528,500,569,370,405,1209
107,954,1042,520,475,569,518,430,1209
66,831,1206,517,475,571,525,465,1209
66,740,1294,382,475,571,432,466,1288
66,706,1328,327,545,523,403,498,1271
90,621,1412,302,568,538,402,750,1253
92,621,1412,317,559,503,402,809,1157
92,604,1429,317,565,502,401,818,1123
198,534,1499,317,607,694,401,818,1058
279,510,1523,427,590,892,405,818,1021
370,510,1519,432,584,877,413,818,1013
370,475,1509,432,584,877,413,818,929
398,475,1499,432,584,984,410,820,871
413,475,1315,557,584,984,452,820,870
433,475,1308,571,677,992,464,833,870
444,475,1281,548,766,992,500,869,881
479,475,1146,538,766,992,500,841,787
638,475,1031,876,726,992,506,780,779
724,475,1008,869,685,992,574,720,769
724,469,870,908,685,984,821,827,785
762,419,920,959,662,955,1091,771,760
902,384,955,1144,723,873,1091,711,750
903,347,992,1191,721,870,1121,711,748
903,347,992,1160,722,870,1158,727,745
903,132,1207,1173,737,721,1157,739,745
903,128,1211,1197,734,721,1247,745,745
951,107,1219,1247,733,721,1247,756,474
1112,102,1224,1385,624,721,1244,767,415
1159,102,1179,1384,563,721,1123,739,385
1177,102,1076,1384,563,689,1111,711,366
1183,83,976,1487,796,668,1179,646,312
1123,136,972,1512,796,675,1135,634,157
1195,107,954,1428,796,675,956,609,157
1443,66,831,1468,796,673,949,574,159
1443,66,740,1468,796,707,984,573,90
1443,66,706,1468,772,669,1005,559,117
1419,90,621,1470,749,710,1022,382,117
1417,92,621,1456,740,709,1046,334,117
1417,92,604,1456,758,640,1046,461,117
1311,198,534,1456,660,433,1046,461,208
1261,279,510,1346,649,224,1131,465,222
1204,370,510,1341,649,222,1123,488,222
1278,370,475,1341,649,295,1161,504,356
1250,398,475,1341,649,208,1161,517,364
1235,413,475,1213,649,299,1120,523,364
1220,433,475,1191,556,291,1108,510,364
1237,444,475,1288,468,291,1240,474,353
1290,479,475,1338,468,291,1240,476,666
1175,638,475,941,468,291,1234,476,678
1213,724,475,941,468,291,1230,476,748
1267,724,469,1017,468,305,983,367,733
1230,762,419,1114,468,326,713,367,733
1122,902,384,929,343,326,713,367,733
1173,903,347,898,339,327,683,367,733
1266,903,347,879,338,423,645,351,733
1383,903,132,866,323,423,645,339,733
1425,903,128,842,323,444,555,333,733
1448,951,107,933,325,444,555,322,733
1409,1112,102,803,326,444,555,311,757
1376,1159,102,782,326,444,555,311,791
1399,1177,102,782,376,444,555,330,791
1401,1183,83,681,334,444,458,330,791
1398,1123,136,656,392,431,484,330,793
1374,1195,107,642,456,484,523,340,793
1320,1443,66,591,505,587,549,408,791
1495,1443,66,591,505,568,537,492,781
1529,1443,66,591,493,606,611,474,754
1589,1419,90,608,507,548,594,415,772
1618,1417,92,624,759,548,570,406,929
1618,1417,92,625,772,623,570,270,937
1713,1311,198,629,848,671,570,270,846
1689,1261,279,629,848,695,481,274,832
1656,1204,370,629,848,705,481,465,854
1583,1278,370,629,848,634,443,449,721
1591,1250,398,629,848,614,443,436,759
1593,1235,413,629,848,523,442,524,1039
1588,1220,433,629,848,523,442,538,1156
1560,1237,444,532,847,523,274,541,1165
1472,1290,479,482,847,523,281,539,848
1428,1175,638,482,847,525,281,561,834
1304,1213,724,482,957,661,217,561,820
1307,1267,724,367,957,715,217,561,890
1382,1230,762,219,1024,724,232,561,893
1417,1122,902,219,1024,776,392,561,893
1369,1173,903,223,1024,775,392,561,893
1313,1266,903,223,1027,679,392,564,909
1197,1383,903,223,1076,679,396,569,909
1155,1425,903,223,1093,681,398,571,909
1084,1448,951,82,1091,689,471,571,909
962,1409,1112,88,1134,689,493,571,885
992,1376,1159,124,1273,689,493,571,851
995,1399,1177,124,1657,689,493,547,851
987,1401,1183,122,1456,689,532,557,851
984,1398,1123,122,1398,689,506,598,849
936,1374,1195,134,1334,636,467,605,849
834,1320,1443,188,1285,533,441,600,853
659,1495,1443,222,1286,525,417,555,902
625,1529,1443,501,1252,506,322,593,930
565,1589,1419,482,1297,506,322,577,947
840,1618,1417,465,1045,506,322,594,856
881,1618,1417,465,1055,454,322,594,1001
810,1713,1311,461,1007,406,322,596,1002
899,1689,1261,475,1007,382,322,622,1003
907,1656,1204,531,1007,499,322,466,993
906,1583,1278,612,1019,497,322,469,992
903,1591,1250,617,1032,567,322,467,946
901,1593,1235,713,1135,654,322,373,666
901,1588,1220,831,1249,682,322,359,549
952,1560,1237,832,1249,682,322,356,540
1009,1472,1290,834,1249,863,315,356,589
1035,1428,1175,1012,1249,900,494,334,551
1035,1304,1213,1021,1139,995,623,334,525
1028,1307,1267,1044,1160,927,623,363,458
963,1382,1230,1062,1093,1010,608,371,455
974,1417,1122,1132,1093,982,448,424,455
1304,1369,1173,1113,1093,982,448,427,455
1268,1313,1266,1113,1092,983,448,464,439
1267,1197,1383,1363,1044,1022,444,542,439
1267,1155,1425,1469,1087,1097,442,544,439
1267,1084,1448,1553,1087,1112,369,663,439
1267,962,1409,1539,1043,1124,347,956,439
1223,992,1376,1666,904,1221,356,967,439
1179,995,1399,1748,470,1249,506,1206,439
1179,987,1401,1748,469,1278,473,1196,454
1179,984,1398,1748,469,1278,473,1155,469
1179,936,1374,1736,469,1278,473,1138,469
1087,834,1320,1682,469,1278,473,1075,465
1196,659,1495,1670,468,1271,473,1055,527
1202,625,1529,1391,468,1252,473,1043,569
1207,565,1589,1391,409,1252,473,1043,535
912,840,1618,1391,409,1252,482,1024,647
871,881,1618,1390,354,1229,629,1024,519
847,810,1713,1390,326,1229,629,1022,545
751,899,1689,1376,327,1229,629,989,574
771,907,1656,1320,658,1233,658,1126,568
772,906,1583,1239,759,1239,658,1123,575
767,903,1591,1234,776,1167,658,1123,577
767,901,1593,1138,673,1081,658,1123,709
767,901,1588,1020,560,1053,658,1123,711
716,952,1560,1022,610,1056,658,1123,794
659,1009,1472,1020,652,875,658,1123,782
710,1035,1428,867,652,836,479,1123,778
729,1035,1304,878,652,641,350,1123,745
679,1028,1307,860,631,641,350,1094,1020
668,963,1382,842,631,539,350,1086,1022
590,974,1417,772,631,518,350,1033,1024
256,1304,1369,771,631,537,382,1144,1024
255,1268,1313,771,629,654,388,1112,1024
312,1267,1197,527,628,620,388,1029,1024
312,1267,1155,434,575,562,388,1060,1024
312,1267,1084,358,575,539,388,1025,1123
479,1267,962,358,586,549,390,742,1123
489,1223,992,184,596,453,400,731,1123
530,1179,995,118,613,427,250,492,1158
530,1179,987,174,652,456,244,492,1143
530,1179,984,193,825,456,285,492,1203
544,1179,936,381,842,456,369,492,1372
549,1087,834,630,842,456,399,493,1419
440,1196,659,609,842,456,399,474,1309
434,1202,625,613,842,509,410,502,1241
429,1207,565,677,842,512,481,515,1272
420,912,840,682,842,518,627,515,1114
420,871,881,682,842,537,517,515,1096
425,847,810,683,843,551,517,515,1069
476,751,899,683,842,551,518,514,1039
447,771,907,683,511,420,491,319,1034
446,772,906,683,398,414,491,337,1027
446,767,903,683,368,425,491,340,1025
446,767,901,683,368,456,491,340,901
446,767,901,683,367,478,491,370,904
446,716,952,680,317,552,491,496,821
456,659,1009,680,275,624,491,550,784
379,710,1035,655,280,645,491,581,819
360,729,1035,715,323,618,491,581,819
360,679,1028,747,383,757,491,596,541
374,668,963,752,424,746,491,703,553
375,590,974,784,477,743,491,950,552
375,256,1304,934,481,724,459,871,598
375,255,1268,995,481,643,453,905,616
318,312,1267,990,483,638,453,1257,616
318,312,1267,977,476,598,453,1400,616
318,312,1267,969,476,715,453,1421,529
151,479,1267,976,465,713,473,1411,530
380,489,1223,977,455,753,471,1412,530
352,530,1179,961,438,753,517,1413,495
352,530,1179,928,493,695,703,1416,519
352,530,1179,927,338,713,671,1465,444
338,544,1179,739,402,766,647,1651,275
333,549,1087,490,471,839,640,1702,228
333,440,1196,489,522,848,640,1720,227
333,434,1202,485,547,795,629,1666,225
406,429,1207,421,547,834,558,1716,247
409,420,912,416,552,828,403,1739,356
509,420,871,423,552,810,366,1857,502
615,425,847,422,561,842,366,1886,505
592,476,751,422,561,852,365,2073,505
624,447,771,485,563,852,363,2089,504
624,446,772,485,573,854,381,2072,527
680,446,767,565,573,843,381,2111,527
690,446,767,580,573,811,418,2138,520
690,446,767,580,647,789,418,2154,515
690,446,716,628,665,715,496,2127,515
680,456,659,636,680,651,555,2080,515
680,379,710,695,675,742,561,2049,480
826,360,729,697,632,733,563,2049,480
832,360,679,758,572,594,563,2034,479
856,374,668,782,539,607,563,1984,465
855,375,590,776,486,619,565,1742,535
873,375,256,885,482,629,592,1731,494
873,375,255,851,520,592,592,1697,512
893,318,312,927,518,592,624,1406,551
937,318,312,929,542,616,673,1228,611
946,318,312,929,569,499,717,1123,631
946,151,479,947,593,481,695,1132,631
716,380,489,946,593,440,680,1141,713
707,352,530,947,593,438,678,1144,796
826,352,530,924,499,457,501,1209,788
1158,352,530,906,607,452,492,1188,801
1221,338,544,993,619,399,432,1005,812
1252,333,549,1105,666,326,409,953,856
1270,333,440,1122,671,317,409,935,898
1373,333,434,1128,668,317,409,935,898
1403,406,429,1196,668,275,409,872,844
1452,409,420,1279,699,275,409,849,715
1500,509,420,1278,699,274,409,731,562
1412,615,425,1278,689,228,409,702,559
1394,592,476,1320,689,218,415,515,559
1362,624,447,1292,687,218,433,504,559
1362,624,446,1293,677,216,549,504,536
1306,680,446,1213,677,216,648,469,536
1296,690,446,1198,689,216,612,479,535
1296,690,446,1242,680,272,612,437,535
1296,690,446,1194,667,356,534,338,535
1296,680,456,1186,660,440,475,331,535
1296,680,379,1127,680,344,477,331,537
1150,826,360,1045,680,344,574,387,537
1144,832,360,947,680,344,587,412,552
1106,856,374,918,672,346,587,511,564
1106,855,375,892,672,365,608,509,493
1088,873,375,633,672,402,581,524,496
1088,873,375,606,634,419,585,530,547
1090,893,318,529,642,419,553,572,508
1047,937,318,527,645,395,588,619,496
1040,946,318,527,629,411,567,624,609
1108,946,151,502,606,411,567,758,763
1111,716,380,627,640,411,565,841,681
1108,707,352,705,704,433,521,875,598
989,826,352,803,721,441,521,1048,582
657,1158,352,832,595,428,522,1354,569
610,1221,338,757,502,433,522,1398,558
580,1252,333,714,386,433,522,1532,514
667,1270,333,707,336,485,538,1532,472
588,1373,333,777,314,485,576,1532,472
546,1403,406,709,314,486,577,1532,472
497,1452,409,704,278,517,660,1532,472
389,1500,509,706,278,517,683,1532,472
367,1412,615,735,278,532,703,1532,472
411,1394,592,731,319,538,901,1532,472
430,1362,624,698,319,578,1050,1527,472
430,1362,624,704,319,578,1017,1528,472
434,1306,680,712,319,578,985,1521,472
448,1296,690,712,307,578,1026,1493,507
534,1296,690,668,247,522,1079,1489,517
654,1296,690,746,374,515,1118,1489,517
683,1296,680,904,374,513,1127,1489,517
690,1296,680,959,354,506,1179,1517,563
694,1150,826,1014,380,650,1086,1506,586
748,1144,832,1015,387,650,1073,1500,573
803,1106,856,1015,387,635,1073,1372,572
803,1106,855,1015,387,608,1050,1371,650
815,1088,873,1015,387,562,1072,1332,701
815,1088,873,1015,391,545,1080,1318,650
793,1090,893,1015,384,545,1102,1241,767
792,1047,937,1036,357,545,1026,1213,777
790,1040,946,1036,346,530,1016,1279,642
722,1108,946,1039,345,528,1017,1151,487
746,1111,716,914,311,530,1017,1058,487
780,1108,707,836,247,525,1049,1020,490
991,989,826,738,230,500,1091,782,491
994,657,1158,709,230,516,1091,550,491
978,610,1221,697,230,513,1091,564,491
1049,580,1252,628,230,513,1091,437,495
1086,667,1270,622,224,461,1075,438,541
1304,588,1373,591,224,461,1042,438,546
1243,546,1403,601,225,460,1082,443,592
1240,497,1452,707,246,429,1059,445,607
1200,389,1500,706,258,429,1036,445,870
1199,367,1412,704,270,479,1021,445,925
1145,411,1394,801,229,518,817,445,980
1126,430,1362,914,239,593,650,445,1012
1126,430,1362,930,239,726,549,443,1212
1122,434,1306,1066,240,745,482,443,1216
1108,448,1296,1066,431,746,440,434,1181
1022,534,1296,1066,444,746,387,434,1171
902,654,1296,988,339,666,348,434,1171
873,683,1296,830,427,605,339,434,1211
866,690,1296,775,433,609,279,406,1275
884,694,1150,720,417,526,273,361,1382
830,748,1144,732,446,558,273,342,1380
775,803,1106,732,446,558,293,314,1419
775,803,1106,777,446,555,293,312,1435
763,815,1088,880,446,555,273,312,1402
776,815,1088,999,442,555,292,312,1469
835,793,1090,1016,441,568,271,286,1491
835,792,1047,1042,464,568,271,267,1457
914,790,1040,1206,486,567,314,198,1448
1079,722,1108,1294,515,567,313,324,1448
1071,746,1111,1328,522,565,313,366,1448
1087,780,1108,1412,674,548,281,367,1445
920,991,989,1412,674,553,230,364,1444
917,994,657,1429,675,543,235,262,1444
917,978,610,1499,687,544,241,329,1469
846,1049,580,1523,691,550,266,322,1479
704,1086,667,1519,762,554,266,321,1433
463,1304,588,1509,822,560,263,321,1428
513,1243,546,1499,832,560,228,316,1382
715,1240,497,1315,817,573,168,317,1367
786,1200,389,1308,805,594,255,317,1105
812,1199,367,1281,793,529,251,317,1050
863,1145,411,1146,793,484,251,317,1091
892,1126,430,1031,783,369,251,317,1059
1008,1126,430,1008,783,236,251,317,859
1018,1122,434,870,782,217,251,317,855
1018,1108,448,920,591,216,251,317,1089
1022,1022,534,955,573,216,290,317,1246
1055,902,654,992,591,216,362,317,1349
1231,873,683,992,516,187,396,317,1368
1254,866,690,1207,510,190,443,317,1260
1232,884,694,1211,500,129,447,317,1130
1251,830,748,1219,634,106,447,317,1130
1251,775,803,1224,717,106,427,402,1080
1256,775,803,1179,721,162,427,438,986
1327,763,815,1076,768,184,425,438,960
1358,776,815,976,805,189,394,440,857
1299,835,793,972,875,227,393,440,718
1306,835,792,954,958,252,385,471,694
1233,914,790,831,950,252,329,469,693
1068,1079,722,740,1056,252,329,422,693
1040,1071,746,706,1104,252,415,409,693
989,1087,780,621,977,252,417,409,693
945,920,991,621,977,263,453,409,693
977,917,994,604,976,265,517,410,693
1094,917,978,534,964,318,526,282,668
1112,846,1049,510,960,340,512,282,654
1112,704,1086,510,889,342,529,282,654
1158,463,1304,475,829,336,527,282,654
1108,513,1243,475,818,336,523,285,654
917,715,1240,475,815,323,523,282,654
852,786,1200,475,823,302,436,282,653
888,812,1199,475,846,302,435,282,653
930,863,1145,475,856,302,435,282,585
927,892,1126,475,915,342,435,282,646
811,1008,1126,475,922,383,435,282,706
801,1018,1122,469,922,383,443,282,708
803,1018,1108,419,922,406,472,282,530
857,1022,1022,384,922,470,515,282,433
825,1055,902,347,877,476,446,282,330
696,1231,873,347,906,476,412,283,271
673,1254,866,132,906,460,514,284,267
685,1232,884,128,906,463,510,284,267
674,1251,830,107,736,455,510,284,267
674,1251,775,102,653,564,510,202,267
669,1256,775,102,682,568,510,287,295
598,1327,763,102,635,545,542,299,328
716,1358,776,83,598,551,563,326,393
724,1299,835,136,528,500,569,370,405
730,1306,835,107,520,475,569,518,430
747,1233,914,66,517,475,571,525,465
747,1068,1079,66,382,475,571,432,466
747,1040,1071,66,327,545,523,403,498
747,989,1087,90,302,568,538,402,750
747,945,920,92,317,559,503,402,809
715,977,917,92,317,565,502,401,818
598,1094,917,198,317,607,694,401,818
579,1112,846,279,427,590,892,405,818
579,1112,704,370,432,584,877,413,818
532,1158,463,370,432,584,877,413,818
532,1108,513,398,432,584,984,410,820
521,917,715,413,557,584,984,452,820
515,852,786,433,571,677,992,464,833
453,888,812,444,548,766,992,500,869
360,930,863,479,538,766,992,500,841
392,927,892,638,876,726,992,506,780
418,811,1008,724,869,685,992,574,720
423,801,1018,724,908,685,984,821,827
437,803,1018,762,959,662,955,1091,771
379,857,1022,902,1144,723,873,1091,711
378,825,1055,903,1191,721,870,1121,711
331,696,1231,903,1160,722,870,1158,727
331,673,1254,903,1173,737,721,1157,739
326,685,1232,903,1197,734,721,1247,745
321,674,1251,951,1247,733,721,1247,756
330,674,1251,1112,1385,624,721,1244,767
367,669,1256,1159,1384,563,721,1123,739
386,598,1327,1177,1384,563,689,1111,711
291,716,1358,1183,1487,796,668,1179,646
354,724,1299,1123,1512,796,675,1135,634
341,730,1306,1195,1428,796,675,956,609
318,747,1233,1443,1468,796,673,949,574
330,747,1068,1443,1468,796,707,984,573
345,747,1040,1443,1468,772,669,1005,559
345,747,989,1419,1470,749,710,1022,382
567,747,945,1417,1456,740,709,1046,334
653,715,977,1417,1456,758,640,1046,461
658,598,1094,1311,1456,660,433,1046,461
658,579,1112,1261,1346,649,224,1131,465
658,579,1112,1204,1341,649,222,1123,488
658,532,1158,1278,1341,649,295,1161,504
658,532,1108,1250,1341,649,208,1161,517
746,521,917,1235,1213,649,299,1120,523
746,515,852,1220,1191,556,291,1108,510
824,453,888,1237,1288,468,291,1240,474
841,360,930,1290,1338,468,291,1240,476
836,392,927,1175,941,468,291,1234,476
810,418,811,1213,941,468,291,1230,476
805,423,801,1267,1017,468,305,983,367
846,437,803,1230,1114,468,326,713,367
848,379,857,1122,929,343,326,713,367
848,378,825,1173,898,339,327,683,367
876,331,696,1266,879,338,423,645,351
876,331,673,1383,866,323,423,645,339
869,326,685,1425,842,323,444,555,333
1109,321,674,1448,933,325,444,555,322
1100,330,674,1409,803,326,444,555,311
1063,367,669,1376,782,326,444,555,311
1044,386,598,1399,782,376,444,555,330
977,291,716,1401,681,334,444,458,330
906,354,724,1398,656,392,431,484,330
906,341,730,1374,642,456,484,523,340
1077,318,747,1320,591,505,587,549,408
1153,330,747,1495,591,505,568,537,492
1138,345,747,1529,591,493,606,611,474
1138,345,747,1589,608,507,548,594,415
916,567,747,1618,624,759,548,570,406
870,653,715,1618,625,772,623,570,270
895,658,598,1713,629,848,671,570,270
895,658,579,1689,629,848,695,481,274
900,658,579,1656,629,848,705,481,465
967,658,532,1583,629,848,634,443,449
971,658,532,1591,629,848,614,443,436
883,746,521,1593,629,848,523,442,524
883,746,515,1588,629,848,523,442,538
805,824,453,1560,532,847,523,274,541
808,841,360,1472,482,847,523,281,539
765,836,392,1428,482,847,525,281,561
766,810,418,1304,482,957,661,217,561
832,805,423,1307,367,957,715,217,561
820,846,437,1382,219,1024,724,232,561
821,848,379,1417,219,1024,776,392,561
821,848,378,1369,223,1024,775,392,561
793,876,331,1313,223,1027,679,392,564
793,876,331,1197,223,1076,679,396,569
793,869,326,1155,223,1093,681,398,571
622,1109,321,1084,82,1091,689,471,571
801,1100,330,962,88,1134,689,493,571
854,1063,367,992,124,1273,689,493,571
854,1044,386,995,124,1657,689,493,547
854,977,291,987,122,1456,689,532,557
854,906,354,984,122,1398,689,506,598
869,906,341,936,134,1334,636,467,605
704,1077,318,834,188,1285,533,441,600
690,1153,330,659,222,1286,525,417,555
904,1138,345,625,501,1252,506,322,593
904,1138,345,565,482,1297,506,322,577
904,916,567,840,465,1045,506,322,594
864,870,653,881,465,1055,454,322,594
879,895,658,810,461,1007,406,322,596
879,895,658,899,475,1007,382,322,622
874,900,658,907,531,1007,499,322,466
828,967,658,906,612,1019,497,322,469
877,971,658,903,617,1032,567,322,467
880,883,746,901,713,1135,654,322,373
880,883,746,901,831,1249,682,322,359
888,805,824,952,832,1249,682,322,356
869,808,841,1009,834,1249,863,315,356
865,765,836,1035,1012,1249,900,494,334
864,766,810,1035,1021,1139,995,623,334
839,832,805,1028,1044,1160,927,623,363
812,820,846,963,1062,1093,1010,608,371
809,821,848,974,1132,1093,982,448,424
922,821,848,1304,1113,1093,982,448,427
922,793,876,1268,1113,1092,983,448,464
941,793,876,1267,1363,1044,1022,444,542
943,793,869,1267,1469,1087,1097,442,544
871,622,1109,1267,1553,1087,1112,369,663
692,801,1100,1267,1539,1043,1124,347,956
639,854,1063,1223,1666,904,1221,356,967
639,854,1044,1179,1748,470,1249,506,1206
639,854,977,1179,1748,469,1278,473,1196
639,854,906,1179,1748,469,1278,473,1155
627,869,906,1179,1736,469,1278,473,1138
685,704,1077,1087,1682,469,1278,473,1075
687,690,1153,1196,1670,468,1271,473,1055
473,904,1138,1202,1391,468,1252,473,1043
683,904,1138,1207,1391,409,1252,473,1043
741,904,916,912,1391,409,1252,482,1024
758,864,870,871,1390,354,1229,629,1024
713,879,895,847,1390,326,1229,629,1022
713,879,895,751,1376,327,1229,629,989
713,874,900,771,1320,658,1233,658,1126
707,828,967,772,1239,759,1239,658,1123
1057,877,971,767,1234,776,1167,658,1123
1283,880,883,767,1138,673,1081,658,1123
1283,880,883,767,1020,560,1053,658,1123
1275,888,805,716,1022,610,1056,658,1123
1274,869,808,659,1020,652,875,658,1123
1268,865,765,710,867,652,836,479,1123
1268,864,766,729,878,652,641,350,1123
1227,839,832,679,860,631,641,350,1094
1209,812,820,668,842,631,539,350,1086
1209,809,821,590,772,631,518,350,1033
1096,922,821,256,771,631,537,382,1144
1100,922,793,255,771,629,654,388,1112
1081,941,793,312,527,628,620,388,1029
1079,943,793,312,434,575,562,388,1060
1079,871,622,312,358,575,539,388,1025
1079,692,801,479,358,586,549,390,742
1079,639,854,489,184,596,453,400,731
1079,639,854,530,118,613,427,250,492
1155,639,854,530,174,652,456,244,492
1253,639,854,530,193,825,456,285,492
1302,627,869,544,381,842,456,369,492
1264,685,704,549,630,842,456,399,493
1190,687,690,440,609,842,456,399,474
1257,473,904,434,613,842,509,410,502
1091,683,904,429,677,842,512,481,515
1033,741,904,420,682,842,518,627,515
1065,758,864,420,682,842,537,517,515
1065,713,879,425,683,843,551,517,515
1065,713,879,476,683,842,551,518,514
1065,713,874,447,683,511,420,491,319
1052,707,828,446,683,398,414,491,337
649,1057,877,446,683,368,425,491,340
420,1283,880,446,683,368,456,491,340
428,1283,880,446,683,367,478,491,370
491,1275,888,446,680,317,552,491,496
491,1274,869,456,680,275,624,491,550
491,1268,865,379,655,280,645,491,581
491,1268,864,360,715,323,618,491,581
491,1227,839,360,747,383,757,491,596
510,1209,812,374,752,424,746,491,703
510,1209,809,375,784,477,743,491,950
511,1096,922,375,934,481,724,459,871
515,1100,922,375,995,481,643,453,905
515,1081,941,318,990,483,638,453,1257
515,1079,943,318,977,476,598,453,1400
679,1079,871,318,969,476,715,453,1421
682,1079,692,151,976,465,713,473,1411
702,1079,639,380,977,455,753,471,1412
760,1079,639,352,961,438,753,517,1413
734,1155,639,352,928,493,695,703,1416
689,1253,639,352,927,338,713,671,1465
637,1302,627,338,739,402,766,647,1651
611,1264,685,333,490,471,839,640,1702
609,1190,687,333,489,522,848,640,1720
542,1257,473,333,485,547,795,629,1666
505,1091,683,406,421,547,834,558,1716
506,1033,741,409,416,552,828,403,1739
457,1065,758,509,423,552,810,366,1857
569,1065,713,615,422,561,842,366,1886
618,1065,713,592,422,561,852,365,2073
668,1065,713,624,485,563,852,363,2089
674,1052,707,624,485,573,854,381,2072
674,649,1057,680,565,573,843,381,2111
674,420,1283,690,580,573,811,418,2138
670,428,1283,690,580,647,789,418,2154
634,491,1275,690,628,665,715,496,2127
634,491,1274,680,636,680,651,555,2080
640,491,1268,680,695,675,742,561,2049
642,491,1268,826,697,632,733,563,2049
648,491,1227,832,758,572,594,563,2034
657,510,1209,856,782,539,607,563,1984
720,510,1209,855,776,486,619,565,1742
729,511,1096,873,885,482,629,592,1731
737,515,1100,873,851,520,592,592,1697
737,515,1081,893,927,518,592,624,1406
737,515,1079,937,929,542,616,673,1228
573,679,1079,946,929,569,499,717,1123
570,682,1079,946,947,593,481,695,1132
550,702,1079,716,946,593,440,680,1141
527,760,1079,707,947,593,438,678,1144
553,734,1155,826,924,499,457,501,1209
508,689,1253,1158,906,607,452,492,1188
561,637,1302,1221,993,619,399,432,1005
654,611,1264,1252,1105,666,326,409,953
778,609,1190,1270,1122,671,317,409,935
848,542,1257,1373,1128,668,317,409,935
842,505,1091,1403,1196,668,275,409,872
841,506,1033,1452,1279,699,275,409,849
854,457,1065,1500,1278,699,274,409,731
743,569,1065,1412,1278,689,228,409,702
694,618,1065,1394,1320,689,218,415,515
644,668,1065,1362,1292,687,218,433,504
636,674,1052,1362,1293,677,216,549,504
641,674,649,1306,1213,677,216,648,469
641,674,420,1296,1198,689,216,612,479
637,670,428,1296,1242,680,272,612,437
637,634,491,1296,1194,667,356,534,338
643,634,491,1296,1186,660,440,475,331
642,640,491,1296,1127,680,344,477,331
661,642,491,1150,1045,680,344,574,387
657,648,491,1144,947,680,344,587,412
630,657,510,1106,918,672,346,587,511
567,720,510,1106,892,672,365,608,509
557,729,511,1088,633,672,402,581,524
541,737,515,1088,606,634,419,585,530
541,737,515,1090,529,642,419,553,572
541,737,515,1047,527,645,395,588,619
541,573,679,1040,527,629,411,567,624
541,570,682,1108,502,606,411,567,758
541,550,702,1111,627,640,411,565,841
520,527,760,1108,705,704,433,521,875
444,553,734,989,803,721,441,521,1048
436,508,689,657,832,595,428,522,1354
383,561,637,610,757,502,433,522,1398
290,654,611,580,714,386,433,522,1532
169,778,609,667,707,336,485,538,1532
99,848,542,588,777,314,485,576,1532
98,842,505,546,709,314,486,577,1532
98,841,506,497,704,278,517,660,1532
85,854,457,389,706,278,517,683,1532
84,743,569,367,735,278,532,703,1532
84,694,618,411,731,319,538,901,1532
84,644,668,430,698,319,578,1050,1527
84,636,674,430,704,319,578,1017,1528
88,641,674,434,712,319,578,985,1521
88,641,674,448,712,307,578,1026,1493
88,637,670,534,668,247,522,1079,1489
81,637,634,654,746,374,515,1118,1489
263,643,634,683,904,374,513,1127,1489
365,642,640,690,959,354,506,1179,1517
356,661,642,694,1014,380,650,1086,1506
354,657,648,748,1015,387,650,1073,1500
381,630,657,803,1015,387,635,1073,1372
750,567,720,803,1015,387,608,1050,1371
750,557,729,815,1015,387,562,1072,1332
750,541,737,815,1015,391,545,1080,1318
750,541,737,793,1015,384,545,1102,1241
750,541,737,792,1036,357,545,1026,1213
750,541,573,790,1036,346,530,1016,1279
750,541,570,722,1039,345,528,1017,1151
750,541,550,746,914,311,530,1017,1058
736,520,527,780,836,247,525,1049,1020
736,444,553,991,738,230,500,1091,782
764,436,508,994,709,230,516,1091,550
771,383,561,978,697,230,513,1091,564
778,290,654,1049,628,230,513,1091,437
775,169,778,1086,622,224,461,1075,438
775,99,848,1304,591,224,461,1042,438
786,98,842,1243,601,225,460,1082,443
786,98,841,1240,707,246,429,1059,445
888,85,854,1200,706,258,429,1036,445
1042,84,743,1199,704,270,479,1021,445
1063,84,694,1145,801,229,518,817,445
1083,84,644,1126,914,239,593,650,445
1086,84,636,1126,930,239,726,549,443
1077,88,641,1122,1066,240,745,482,443
1080,88,641,1108,1066,431,746,440,434
1148,88,637,1022,1066,444,746,387,434
1139,81,637,902,988,339,666,348,434
951,263,643,873,830,427,605,339,434
848,365,642,866,775,433,609,279,406
837,356,661,884,720,417,526,273,361
837,354,657,830,732,446,558,273,342
835,381,630,775,732,446,558,293,314
485,750,567,775,777,446,555,293,312
485,750,557,763,880,446,555,273,312
485,750,541,776,999,442,555,292,312
485,750,541,835,1016,441,568,271,286
489,750,541,835,1042,464,568,271,267
489,750,541,914,1206,486,567,314,198
508,750,541,1079,1294,515,567,313,324
510,750,541,1071,1328,522,565,313,366
510,736,520,1087,1412,674,548,281,367
632,736,444,920,1412,674,553,230,364
672,764,436,917,1429,675,543,235,262
720,771,383,917,1499,687,544,241,329
713,778,290,846,1523,691,550,266,322
765,775,169,704,1519,762,554,266,321
780,775,99,463,1509,822,560,263,321
837,786,98,513,1499,832,560,228,316
838,786,98,715,1315,817,573,168,317
743,888,85,786,1308,805,594,255,317
592,1042,84,812,1281,793,529,251,317
571,1063,84,863,1146,793,484,251,317
551,1083,84,892,1031,783,369,251,317
548,1086,84,1008,1008,783,236,251,317
548,1077,88,1018,870,782,217,251,317
545,1080,88,1018,920,591,216,251,317
477,1148,88,1022,955,573,216,290,317
466,1139,81,1055,992,591,216,362,317
466,951,263,1231,992,516,187,396,317
462,848,365,1254,1207,510,190,443,317
534,837,356,1232,1211,500,129,447,317
547,837,354,1251,1219,634,106,447,317
571,835,381,1251,1224,717,106,427,402
600,485,750,1256,1179,721,162,427,438
622,485,750,1327,1076,768,184,425,438
648,485,750,1358,976,805,189,394,440
654,485,750,1299,972,875,227,393,440
650,489,750,1306,954,958,252,385,471
650,489,750,1233,831,950,252,329,469
631,508,750,1068,740,1056,252,329,422
629,510,750,1040,706,1104,252,415,409
629,510,736,989,621,977,252,417,409
507,632,736,945,621,977,263,453,409
439,672,764,977,604,976,265,517,410
384,720,771,1094,534,964,318,526,282
388,713,778,1112,510,960,340,512,282
340,765,775,1112,510,889,342,529,282
326,780,775,1158,475,829,336,527,282
258,837,786,1108,475,818,336,523,285
257,838,786,917,475,815,323,523,282
250,743,888,852,475,823,302,436,282
247,592,1042,888,475,846,302,435,282
247,571,1063,930,475,856,302,435,282
247,551,1083,927,475,915,342,435,282
290,548,1086,811,475,922,383,435,282
492,548,1077,801,469,922,383,443,282
578,545,1080,803,419,922,406,472,282
578,477,1148,857,384,922,470,515,282
578,466,1139,825,347,877,476,446,282
578,466,951,696,347,906,476,412,283
578,462,848,673,132,906,460,514,284
505,534,837,685,128,906,463,510,284
492,547,837,674,107,736,455,510,284
448,571,835,674,102,653,564,510,202
471,600,485,669,102,682,568,510,287
451,622,485,598,102,635,545,542,299
479,648,485,716,83,598,551,563,326
473,654,485,724,136,528,500,569,370
473,650,489,730,107,520,475,569,518
473,650,489,747,66,517,475,571,525
473,631,508,747,66,382,475,571,432
473,629,510,747,66,327,545,523,403
473,629,510,747,90,302,568,538,402
475,507,632,747,92,317,559,503,402
475,439,672,715,92,317,565,502,401
475,384,720,598,198,317,607,694,401
476,388,713,579,279,427,590,892,405
540,340,765,579,370,432,584,877,413
683,326,780,532,370,432,584,877,413
721,258,837,532,398,432,584,984,410
776,257,838,521,413,557,584,984,452
776,250,743,515,433,571,677,992,464
935,247,592,453,444,548,766,992,500
983,247,571,360,479,538,766,992,500
983,247,551,392,638,876,726,992,506
945,290,548,418,724,869,685,992,574
743,492,548,423,724,908,685,984,821
662,578,545,437,762,959,662,955,1091
662,578,477,379,902,1144,723,873,1091
703,578,466,378,903,1191,721,870,1121
703,578,466,331,903,1160,722,870,1158
703,578,462,331,903,1173,737,721,1157
703,505,534,326,903,1197,734,721,1247
703,492,547,321,951,1247,733,721,1247
709,448,571,330,1112,1385,624,721,1244
639,471,600,367,1159,1384,563,721,1123
648,451,622,386,1177,1384,563,689,1111
594,479,648,291,1183,1487,796,668,1179
594,473,654,354,1123,1512,796,675,1135
594,473,650,341,1195,1428,796,675,956
594,473,650,318,1443,1468,796,673,949
594,473,631,330,1443,1468,796,707,984
594,473,629,345,1443,1468,772,669,1005
594,473,629,345,1419,1470,749,710,1022
592,475,507,567,1417,1456,740,709,1046
650,475,439,653,1417,1456,758,640,1046
685,475,384,658,1311,1456,660,433,1046
684,476,388,658,1261,1346,649,224,1131
661,540,340,658,1204,1341,649,222,1123
711,683,326,658,1278,1341,649,295,1161
757,721,258,658,1250,1341,649,208,1161
702,776,257,746,1235,1213,649,299,1120
702,776,250,746,1220,1191,556,291,1108
543,935,247,824,1237,1288,468,291,1240
879,983,247,841,1290,1338,468,291,1240
879,983,247,836,1175,941,468,291,1234
874,945,290,810,1213,941,468,291,1230
874,743,492,805,1267,1017,468,305,983
869,662,578,846,1230,1114,468,326,713
882,662,578,848,1122,929,343,326,713
889,703,578,848,1173,898,339,327,683
889,703,578,876,1266,879,338,423,645
889,703,578,876,1383,866,323,423,645
889,703,505,869,1425,842,323,444,555
905,703,492,1109,1448,933,325,444,555
893,709,448,1100,1409,803,326,444,555
892,639,471,1063,1376,782,326,444,555
881,648,451,1044,1399,782,376,444,555
888,594,479,977,1401,681,334,444,458
888,594,473,906,1398,656,392,431,484
888,594,473,906,1374,642,456,484,523
888,594,473,1077,1320,591,505,587,549
888,594,473,1153,1495,591,505,568,537
888,594,473,1138,1529,591,493,606,611
888,594,473,1138,1589,608,507,548,594
898,592,475,916,1618,624,759,548,570
892,650,475,870,1618,625,772,623,570
896,685,475,895,1713,629,848,671,570
933,684,476,895,1689,629,848,695,481
888,661,540,900,1656,629,848,705,481
694,711,683,967,1583,629,848,634,443
655,757,721,971,1591,629,848,614,443
750,702,776,883,1593,629,848,523,442
750,702,776,883,1588,629,848,523,442
750,543,935,805,1560,532,847,523,274
366,879,983,808,1472,482,847,523,281
471,879,983,765,1428,482,847,525,281
490,874,945,766,1304,482,957,661,217
508,874,743,832,1307,367,957,715,217
511,869,662,820,1382,219,1024,724,232
498,882,662,821,1417,219,1024,776,392
508,889,703,821,1369,223,1024,775,392
705,889,703,793,1313,223,1027,679,392
727,889,703,793,1197,223,1076,679,396
727,889,703,793,1155,223,1093,681,398
711,905,703,622,1084,82,1091,689,471
749,893,709,801,962,88,1134,689,493
749,892,639,854,992,124,1273,689,493
754,881,648,854,995,124,1657,689,493
747,888,594,854,987,122,1456,689,532
747,888,594,854,984,122,1398,689,506
747,888,594,869,936,134,1334,636,467
786,888,594,704,834,188,1285,533,441
786,888,594,690,659,222,1286,525,417
786,888,594,904,625,501,1252,506,322
786,888,594,904,565,482,1297,506,322
776,898,592,904,840,465,1045,506,322
743,892,650,864,881,465,1055,454,322
704,896,685,879,810,461,1007,406,322
663,933,684,879,899,475,1007,382,322
832,888,661,874,907,531,1007,499,322
855,694,711,828,906,612,1019,497,322
810,655,757,877,903,617,1032,567,322
935,750,702,880,901,713,1135,654,322
935,750,702,880,901,831,1249,682,322
935,750,543,888,952,832,1249,682,322
935,366,879,869,1009,834,1249,863,315
830,471,879,865,1035,1012,1249,900,494
811,490,874,864,1035,1021,1139,995,623
793,508,874,839,1028,1044,1160,927,623
790,511,869,812,963,1062,1093,1010,608
793,498,882,809,974,1132,1093,982,448
735,508,889,922,1304,1113,1093,982,448
538,705,889,922,1268,1113,1092,983,448
516,727,889,941,1267,1363,1044,1022,444
533,727,889,943,1267,1469,1087,1097,442
533,711,905,871,1267,1553,1087,1112,369
495,749,893,692,1267,1539,1043,1124,347
495,749,892,639,1223,1666,904,1221,356
490,754,881,639,1179,1748,470,1249,506
490,747,888,639,1179,1748,469,1278,473
490,747,888,639,1179,1748,469,1278,473
591,747,888,627,1179,1736,469,1278,473
552,786,888,685,1087,1682,469,1278,473
626,786,888,687,1196,1670,468,1271,473
816,786,888,473,1202,1391,468,1252,473
819,786,888,683,1207,1391,409,1252,473
819,776,898,741,912,1391,409,1252,482
800,743,892,758,871,1390,354,1229,629
800,704,896,713,847,1390,326,1229,629
800,663,933,713,751,1376,327,1229,629
631,832,888,713,771,1320,658,1233,658
608,855,694,707,772,1239,759,1239,658
608,810,655,1057,767,1234,776,1167,658
389,935,750,1283,767,1138,673,1081,658
482,935,750,1283,767,1020,560,1053,658
482,935,750,1275,716,1022,610,1056,658
482,935,366,1274,659,1020,652,875,658
482,830,471,1268,710,867,652,836,479
482,811,490,1268,729,878,652,641,350
482,793,508,1227,679,860,631,641,350
576,790,511,1209,668,842,631,539,350
573,793,498,1209,590,772,631,518,350
573,735,508,1096,256,771,631,537,382
573,538,705,1100,255,771,629,654,388
573,516,727,1081,312,527,628,620,388
556,533,727,1079,312,434,575,562,388
556,533,711,1079,312,358,575,539,388
556,495,749,1079,479,358,586,549,390
556,495,749,1079,489,184,596,453,400
556,490,754,1079,530,118,613,427,250
556,490,747,1155,530,174,652,456,244
556,490,747,1253,530,193,825,456,285
455,591,747,1302,544,381,842,456,369
455,552,786,1264,549,630,842,456,399
381,626,786,1190,440,609,842,456,399
396,816,786,1257,434,613,842,509,410
432,819,786,1091,429,677,842,512,481
458,819,776,1033,420,682,842,518,627
476,800,743,1065,420,682,842,537,517
476,800,704,1065,425,683,843,551,517
568,800,663,1065,476,683,842,551,518
694,631,832,1065,447,683,511,420,491
740,608,855,1052,446,683,398,414,491
740,608,810,649,446,683,368,425,491
739,389,935,420,446,683,368,456,491
646,482,935,428,446,683,367,478,491
648,482,935,491,446,680,317,552,491
650,482,935,491,456,680,275,624,491
650,482,830,491,379,655,280,645,491
650,482,811,491,360,715,323,618,491
650,482,793,491,360,747,383,757,491
556,576,790,510,374,752,424,746,491
556,573,793,510,375,784,477,743,491
558,573,735,511,375,934,481,724,459
600,573,538,515,375,995,481,643,453
605,573,516,515,318,990,483,638,453
605,556,533,515,318,977,476,598,453
605,556,533,679,318,969,476,715,453
605,556,495,682,151,976,465,713,473
605,556,495,702,380,977,455,753,471
605,556,490,760,352,961,438,753,517
605,556,490,734,352,928,493,695,703
639,556,490,689,352,927,338,713,671
684,455,591,637,338,739,402,766,647
761,455,552,611,333,490,471,839,640
942,381,626,609,333,489,522,848,640
771,396,816,542,333,485,547,795,629
740,432,819,505,406,421,547,834,558
806,458,819,506,409,416,552,828,403
788,476,800,457,509,423,552,810,366
845,476,800,569,615,422,561,842,366
797,568,800,618,592,422,561,852,365
671,694,631,668,624,485,563,852,363
628,740,608,674,624,485,573,854,381
629,740,608,674,680,565,573,843,381
639,739,389,674,690,580,573,811,418
642,646,482,670,690,580,647,789,418
802,648,482,634,690,628,665,715,496
955,650,482,634,680,636,680,651,555
955,650,482,640,680,695,675,742,561
955,650,482,642,826,697,632,733,563
955,650,482,648,832,758,572,594,563
955,556,576,657,856,782,539,607,563
959,556,573,720,855,776,486,619,565
1143,558,573,729,873,885,482,629,592
1155,600,573,737,873,851,520,592,592
1187,605,573,737,893,927,518,592,624
1189,605,556,737,937,929,542,616,673
1349,605,556,573,946,929,569,499,717
1453,605,556,570,946,947,593,481,695
1547,605,556,550,716,946,593,440,680
1547,605,556,527,707,947,593,438,678
1558,605,556,553,826,924,499,457,501
1538,639,556,508,1158,906,607,452,492
1549,684,455,561,1221,993,619,399,432
1473,761,455,654,1252,1105,666,326,409
1367,942,381,778,1270,1122,671,317,409
1388,771,396,848,1373,1128,668,317,409
1416,740,432,842,1403,1196,668,275,409
1408,806,458,841,1452,1279,699,275,409
1425,788,476,854,1500,1278,699,274,409
1467,845,476,743,1412,1278,689,228,409
1437,797,568,694,1394,1320,689,218,415
1438,671,694,644,1362,1292,687,218,433
1438,628,740,636,1362,1293,677,216,549
1437,629,740,641,1306,1213,677,216,648
1427,639,739,641,1296,1198,689,216,612
1424,642,646,637,1296,1242,680,272,612
1262,802,648,637,1296,1194,667,356,534
1107,955,650,643,1296,1186,660,440,475
1112,955,650,642,1296,1127,680,344,477
1119,955,650,661,1150,1045,680,344,574
1143,955,650,657,1144,947,680,344,587
1316,955,556,630,1106,918,672,346,587
1323,959,556,567,1106,892,672,365,608
1214,1143,558,557,1088,633,672,402,581
1217,1155,600,541,1088,606,634,419,585
1180,1187,605,541,1090,529,642,419,553
1209,1189,605,541,1047,527,645,395,588
1049,1349,605,541,1040,527,629,411,567
1079,1453,605,541,1108,502,606,411,567
1040,1547,605,541,1111,627,640,411,565
1127,1547,605,520,1108,705,704,433,521
1119,1558,605,444,989,803,721,441,521
1106,1538,639,436,657,832,595,428,522
1050,1549,684,383,610,757,502,433,522
1049,1473,761,290,580,714,386,433,522
974,1367,942,169,667,707,336,485,538
919,1388,771,99,588,777,314,485,576
886,1416,740,98,546,709,314,486,577
802,1408,806,98,497,704,278,517,660
798,1425,788,85,389,706,278,517,683
706,1467,845,84,367,735,278,532,703
692,1437,797,84,411,731,319,538,901
691,1438,671,84,430,698,319,578,1050
709,1438,628,84,430,704,319,578,1017
709,1437,629,88,434,712,319,578,985
709,1427,639,88,448,712,307,578,1026
774,1424,642,88,534,668,247,522,1079
845,1262,802,81,654,746,374,515,1118
845,1107,955,263,683,904,374,513,1127
840,1112,955,365,690,959,354,506,1179
833,1119,955,356,694,1014,380,650,1086
815,1143,955,354,748,1015,387,650,1073
645,1316,955,381,803,1015,387,635,1073
634,1323,959,750,803,1015,387,608,1050
602,1214,1143,750,815,1015,387,562,1072
549,1217,1155,750,815,1015,391,545,1080
549,1180,1187,750,793,1015,384,545,1102
519,1209,1189,750,792,1036,357,545,1026
535,1049,1349,750,790,1036,346,530,1016
468,1079,1453,750,722,1039,345,528,1017
417,1040,1547,750,746,914,311,530,1017
351,1127,1547,736,780,836,247,525,1049
357,1119,1558,736,991,738,230,500,1091
441,1106,1538,764,994,709,230,516,1091
604,1050,1549,771,978,697,230,513,1091
607,1049,1473,778,1049,628,230,513,1091
644,974,1367,775,1086,622,224,461,1075
644,919,1388,775,1304,591,224,461,1042
641,886,1416,786,1243,601,225,460,1082
641,802,1408,786,1240,707,246,429,1059
628,798,1425,888,1200,706,258,429,1036
621,706,1467,1042,1199,704,270,479,1021
622,692,1437,1063,1145,801,229,518,817
622,691,1438,1083,1126,914,239,593,650
601,709,1438,1086,1126,930,239,726,549
620,709,1437,1077,1122,1066,240,745,482
627,709,1427,1080,1108,1066,431,746,440
562,774,1424,1148,1022,1066,444,746,387
517,845,1262,1139,902,988,339,666,348
556,845,1107,951,873,830,427,605,339
556,840,1112,848,866,775,433,609,279
556,833,1119,837,884,720,417,526,273
570,815,1143,837,830,732,446,558,273
574,645,1316,835,775,732,446,558,293
708,634,1323,485,775,777,446,555,293
708,602,1214,485,763,880,446,555,273
749,549,1217,485,776,999,442,555,292
778,549,1180,485,835,1016,441,568,271
804,519,1209,489,835,1042,464,568,271
982,535,1049,489,914,1206,486,567,314
935,468,1079,508,1079,1294,515,567,313
931,417,1040,510,1071,1328,522,565,313
910,351,1127,510,1087,1412,674,548,281
901,357,1119,632,920,1412,674,553,230
816,441,1106,672,917,1429,675,543,235
692,604,1050,720,917,1499,687,544,241
689,607,1049,713,846,1523,691,550,266
652,644,974,765,704,1519,762,554,266
652,644,919,780,463,1509,822,560,263
652,641,886,837,513,1499,832,560,228
652,641,802,838,715,1315,817,573,168
652,628,798,743,786,1308,805,594,255
652,621,706,592,812,1281,793,529,251
651,622,692,571,863,1146,793,484,251
651,622,691,551,892,1031,783,369,251
651,601,709,548,1008,1008,783,236,251
632,620,709,548,1018,870,782,217,251
625,627,709,545,1018,920,591,216,251
628,562,774,477,1022,955,573,216,290
782,517,845,466,1055,992,591,216,362
820,556,845,466,1231,992,516,187,396
824,556,840,462,1254,1207,510,190,443
824,556,833,534,1232,1211,500,129,447
804,570,815,547,1251,1219,634,106,447
797,574,645,571,1251,1224,717,106,427
790,708,634,600,1256,1179,721,162,427
807,708,602,622,1327,1076,768,184,425
784,749,549,648,1358,976,805,189,394
816,778,549,654,1299,972,875,227,393
821,804,519,650,1306,954,958,252,385
645,982,535,650,1233,831,950,252,329
628,935,468,631,1068,740,1056,252,329
688,931,417,629,1040,706,1104,252,415
697,910,351,629,989,621,977,252,417
736,901,357,507,945,621,977,263,453
739,816,441,439,977,604,976,265,517
700,692,604,384,1094,534,964,318,526
700,689,607,388,1112,510,960,340,512
725,652,644,340,1112,510,889,342,529
725,652,644,326,1158,475,829,336,527
725,652,641,258,1108,475,818,336,523
725,652,641,257,917,475,815,323,523
731,652,628,250,852,475,823,302,436
735,652,621,247,888,475,846,302,435
735,651,622,247,930,475,856,302,435
735,651,622,247,927,475,915,342,435
735,651,601,290,811,475,922,383,435
735,632,620,492,801,469,922,383,443
735,625,627,578,803,419,922,406,472
732,628,562,578,857,384,922,470,515
552,782,517,578,825,347,877,476,446
475,820,556,578,696,347,906,476,412
471,824,556,578,673,132,906,460,514
471,824,556,505,685,128,906,463,510
471,804,570,492,674,107,736,455,510
500,797,574,448,674,102,653,564,510
373,790,708,471,669,102,682,568,510
311,807,708,451,598,102,635,545,542
289,784,749,479,716,83,598,551,563
228,816,778,473,724,136,528,500,569
198,821,804,473,730,107,520,475,569
190,645,982,473,747,66,517,475,571
275,628,935,473,747,66,382,475,571
276,688,931,473,747,66,327,545,523
267,697,910,473,747,90,302,568,538
228,736,901,475,747,92,317,559,503
486,739,816,475,715,92,317,565,502
507,700,692,475,598,198,317,607,694
507,700,689,476,579,279,427,590,892
533,725,652,540,579,370,432,584,877
533,725,652,683,532,370,432,584,877
632,725,652,721,532,398,432,584,984
632,725,652,776,521,413,557,584,984
626,731,652,776,515,433,571,677,992
627,735,652,935,453,444,548,766,992
627,735,651,983,360,479,538,766,992
627,735,651,983,392,638,876,726,992
693,735,651,945,418,724,869,685,992
693,735,632,743,423,724,908,685,984
693,735,625,662,437,762,959,662,955
693,732,628,662,379,902,1144,723,873
693,552,782,703,378,903,1191,721,870
693,475,820,703,331,903,1160,722,870
693,471,824,703,331,903,1173,737,721
693,471,824,703,326,903,1197,734,721
765,471,804,703,321,951,1247,733,721
866,500,797,709,330,1112,1385,624,721
871,373,790,639,367,1159,1384,563,721
893,311,807,648,386,1177,1384,563,689
972,289,784,594,291,1183,1487,796,668
1100,228,816,594,354,1123,1512,796,675
1106,198,821,594,341,1195,1428,796,675
1096,190,645,594,318,1443,1468,796,673
1008,275,628,594,330,1443,1468,796,707
947,276,688,594,345,1443,1468,772,669
947,267,697,594,345,1419,1470,749,710
947,228,736,592,567,1417,1456,740,709
940,486,739,650,653,1417,1456,758,640
919,507,700,685,658,1311,1456,660,433
1062,507,700,684,658,1261,1346,649,224
1073,533,725,661,658,1204,1341,649,222
1164,533,725,711,658,1278,1341,649,295
1100,632,725,757,658,1250,1341,649,208
1129,632,725,702,746,1235,1213,649,299
1129,626,731,702,746,1220,1191,556,291
1151,627,735,543,824,1237,1288,468,291
1151,627,735,879,841,1290,1338,468,291
1151,627,735,879,836,1175,941,468,291
1151,693,735,874,810,1213,941,468,291
1151,693,735,874,805,1267,1017,468,305
1158,693,735,869,846,1230,1114,468,326
1160,693,732,882,848,1122,929,343,326
1160,693,552,889,848,1173,898,339,327
1160,693,475,889,876,1266,879,338,423
1160,693,471,889,876,1383,866,323,423
1160,693,471,889,869,1425,842,323,444
1088,765,471,905,1109,1448,933,325,444
958,866,500,893,1100,1409,803,326,444
953,871,373,892,1063,1376,782,326,444
931,893,311,881,1044,1399,782,376,444
852,972,289,888,977,1401,681,334,444
724,1100,228,888,906,1398,656,392,431
716,1106,198,888,906,1374,642,456,484
716,1096,190,888,1077,1320,591,505,587
716,1008,275,888,1153,1495,591,505,568
716,947,276,888,1138,1529,591,493,606
716,947,267,888,1138,1589,608,507,548
716,947,228,898,916,1618,624,759,548
462,940,486,892,870,1618,625,772,623
462,919,507,896,895,1713,629,848,671
319,1062,507,933,895,1689,629,848,695
340,1073,533,888,900,1656,629,848,705
378,1164,533,694,967,1583,629,848,634
344,1100,632,655,971,1591,629,848,614
315,1129,632,750,883,1593,629,848,523
319,1129,626,750,883,1588,629,848,523
299,1151,627,750,805,1560,532,847,523
304,1151,627,366,808,1472,482,847,523
304,1151,627,471,765,1428,482,847,525
238,1151,693,490,766,1304,482,957,661
238,1151,693,508,832,1307,367,957,715
231,1158,693,511,820,1382,219,1024,724
267,1160,693,498,821,1417,219,1024,776
272,1160,693,508,821,1369,223,1024,775
276,1160,693,705,793,1313,223,1027,679
276,1160,693,727,793,1197,223,1076,679
276,1160,693,727,793,1155,223,1093,681
317,1088,765,711,622,1084,82,1091,689
317,958,866,749,801,962,88,1134,689
447,953,871,749,854,992,124,1273,689
468,931,893,754,854,995,124,1657,689
468,852,972,747,854,987,122,1456,689
471,724,1100,747,854,984,122,1398,689
471,716,1106,747,869,936,134,1334,636
494,716,1096,786,704,834,188,1285,533
494,716,1008,786,690,659,222,1286,525
536,716,947,786,904,625,501,1252,506
597,716,947,786,904,565,482,1297,506
597,716,947,776,904,840,465,1045,506
597,462,940,743,864,881,465,1055,454
605,462,919,704,879,810,461,1007,406
605,319,1062,663,879,899,475,1007,382
522,340,1073,832,874,907,531,1007,499
433,378,1164,855,828,906,612,1019,497
777,344,1100,810,877,903,617,1032,567
777,315,1129,935,880,901,713,1135,654
885,319,1129,935,880,901,831,1249,682
1024,299,1151,935,888,952,832,1249,682
1110,304,1151,935,869,1009,834,1249,863
1225,304,1151,830,865,1035,1012,1249,900
1237,238,1151,811,864,1035,1021,1139,995
1237,238,1151,793,839,1028,1044,1160,927
1237,231,1158,790,812,963,1062,1093,1010
1199,267,1160,793,809,974,1132,1093,982
1196,272,1160,735,922,1304,1113,1093,982
1302,276,1160,538,922,1268,1113,1092,983
1326,276,1160,516,941,1267,1363,1044,1022
1326,276,1160,533,943,1267,1469,1087,1097
1474,317,1088,533,871,1267,1553,1087,1112
1829,317,958,495,692,1267,1539,1043,1124
1722,447,953,495,639,1223,1666,904,1221
1777,468,931,490,639,1179,1748,470,1249
1787,468,852,490,639,1179,1748,469,1278
1784,471,724,490,639,1179,1748,469,1278
1784,471,716,591,627,1179,1736,469,1278
1761,494,716,552,685,1087,1682,469,1278
1761,494,716,626,687,1196,1670,468,1271
1719,536,716,816,473,1202,1391,468,1252
1658,597,716,819,683,1207,1391,409,1252
1696,597,716,819,741,912,1391,409,1252
1877,597,462,800,758,871,1390,354,1229
1921,605,462,800,713,847,1390,326,1229
1922,605,319,800,713,751,1376,327,1229
1922,522,340,631,713,771,1320,658,1233
1882,433,378,608,707,772,1239,759,1239
1565,777,344,608,1057,767,1234,776,1167
1565,777,315,389,1283,767,1138,673,1081
1453,885,319,482,1283,767,1020,560,1053
1379,1024,299,482,1275,716,1022,610,1056
1376,1110,304,482,1274,659,1020,652,875
1261,1225,304,482,1268,710,867,652,836
1249,1237,238,482,1268,729,878,652,641
1249,1237,238,482,1227,679,860,631,641
1249,1237,231,576,1209,668,842,631,539
1249,1199,267,573,1209,590,772,631,518
1247,1196,272,573,1096,256,771,631,537
1206,1302,276,573,1100,255,771,629,654
1386,1326,276,573,1081,312,527,628,620
1387,1326,276,556,1079,312,434,575,562
1212,1474,317,556,1079,312,358,575,539
858,1829,317,556,1079,479,358,586,549
839,1722,447,556,1079,489,184,596,453
763,1777,468,556,1079,530,118,613,427
812,1787,468,556,1155,530,174,652,456
825,1784,471,556,1253,530,193,825,456
959,1784,471,455,1302,544,381,842,456
959,1761,494,455,1264,549,630,842,456
959,1761,494,381,1190,440,609,842,456
988,1719,536,396,1257,434,613,842,509
989,1658,597,432,1091,429,677,842,512
951,1696,597,458,1033,420,682,842,518
770,1877,597,476,1065,420,682,842,537
718,1921,605,476,1065,425,683,843,551
717,1922,605,568,1065,476,683,842,551
717,1922,522,694,1065,447,683,511,420
717,1882,433,740,1052,446,683,398,414
689,1565,777,740,649,446,683,368,425
689,1565,777,739,420,446,683,368,456
720,1453,885,646,428,446,683,367,478
722,1379,1024,648,491,446,680,317,552
634,1376,1110,650,491,456,680,275,624
634,1261,1225,650,491,379,655,280,645
727,1249,1237,650,491,360,715,323,618
762,1249,1237,650,491,360,747,383,757
762,1249,1237,556,510,374,752,424,746
762,1249,1199,556,510,375,784,477,743
799,1247,1196,558,511,375,934,481,724
730,1206,1302,600,515,375,995,481,643
526,1386,1326,605,515,318,990,483,638
525,1387,1326,605,515,318,977,476,598
512,1212,1474,605,679,318,969,476,715
511,858,1829,605,682,151,976,465,713
507,839,1722,605,702,380,977,455,753
523,763,1777,605,760,352,961,438,753
531,812,1787,605,734,352,928,493,695
518,825,1784,639,689,352,927,338,713
385,959,1784,684,637,338,739,402,766
406,959,1761,761,611,333,490,471,839
423,959,1761,942,609,333,489,522,848
394,988,1719,771,542,333,485,547,795
519,989,1658,740,505,406,421,547,834
627,951,1696,806,506,409,416,552,828
708,770,1877,788,457,509,423,552,810
804,718,1921,845,569,615,422,561,842
858,717,1922,797,618,592,422,561,852
1013,717,1922,671,668,624,485,563,852
1046,717,1882,628,674,624,485,573,854
1134,689,1565,629,674,680,565,573,843
1138,689,1565,639,674,690,580,573,811
1108,720,1453,642,670,690,580,647,789
1034,722,1379,802,634,690,628,665,715
1034,634,1376,955,634,680,636,680,651
1035,634,1261,955,640,680,695,675,742
944,727,1249,955,642,826,697,632,733
909,762,1249,955,648,832,758,572,594
909,762,1249,955,657,856,782,539,607
924,762,1249,959,720,855,776,486,619
888,799,1247,1143,729,873,885,482,629
888,730,1206,1155,737,873,851,520,592
890,526,1386,1187,737,893,927,518,592
891,525,1387,1189,737,937,929,542,616
893,512,1212,1349,573,946,929,569,499
893,511,858,1453,570,946,947,593,481
930,507,839,1547,550,716,946,593,440
915,523,763,1547,527,707,947,593,438
848,531,812,1558,553,826,924,499,457
850,518,825,1538,508,1158,906,607,452
849,385,959,1549,561,1221,993,619,399
832,406,959,1473,654,1252,1105,666,326
820,423,959,1367,778,1270,1122,671,317
821,394,988,1388,848,1373,1128,668,317
722,519,989,1416,842,1403,1196,668,275
754,627,951,1408,841,1452,1279,699,275
702,708,770,1425,854,1500,1278,699,274
612,804,718,1467,743,1412,1278,689,228
559,858,717,1437,694,1394,1320,689,218
410,1013,717,1438,644,1362,1292,687,218
388,1046,717,1438,636,1362,1293,677,216
306,1134,689,1437,641,1306,1213,677,216
302,1138,689,1427,641,1296,1198,689,216
332,1108,720,1424,637,1296,1242,680,272
347,1034,722,1262,637,1296,1194,667,356
377,1034,634,1107,643,1296,1186,660,440
480,1035,634,1112,642,1296,1127,680,344
495,944,727,1119,661,1150,1045,680,344
577,909,762,1143,657,1144,947,680,344
717,909,762,1316,630,1106,918,672,346
809,924,762,1323,567,1106,892,672,365
883,888,799,1214,557,1088,633,672,402
884,888,730,1217,541,1088,606,634,419
882,890,526,1180,541,1090,529,642,419
883,891,525,1209,541,1047,527,645,395
887,893,512,1049,541,1040,527,629,411
889,893,511,1079,541,1108,502,606,411
852,930,507,1040,541,1111,627,640,411
851,915,523,1127,520,1108,705,704,433
901,848,531,1119,444,989,803,721,441
1010,850,518,1106,436,657,832,595,428
1092,849,385,1050,383,610,757,502,433
1091,832,406,1049,290,580,714,386,433
1086,820,423,974,169,667,707,336,485
1314,821,394,919,99,588,777,314,485
1335,722,519,886,98,546,709,314,486
1203,754,627,802,98,497,704,278,517
1293,702,708,798,85,389,706,278,517
1287,612,804,706,84,367,735,278,532
1306,559,858,692,84,411,731,319,538
1325,410,1013,691,84,430,698,319,578
1365,388,1046,709,84,430,704,319,578
1364,306,1134,709,88,434,712,319,578
1415,302,1138,709,88,448,712,307,578
1384,332,1108,774,88,534,668,247,522
1369,347,1034,845,81,654,746,374,515
1359,377,1034,845,263,683,904,374,513
1255,480,1035,840,365,690,959,354,506
1248,495,944,833,356,694,1014,380,650
1166,577,909,815,354,748,1015,387,650
1026,717,909,645,381,803,1015,387,635
919,809,924,634,750,803,1015,387,608
844,883,888,602,750,815,1015,387,562
868,884,888,549,750,815,1015,391,545
898,882,890,549,750,793,1015,384,545
896,883,891,519,750,792,1036,357,545
900,887,893,535,750,790,1036,346,530
928,889,893,468,750,722,1039,345,528
928,852,930,417,750,746,914,311,530
928,851,915,351,736,780,836,247,525
878,901,848,357,736,991,738,230,500
770,1010,850,441,764,994,709,230,516
708,1092,849,604,771,978,697,230,513
705,1091,832,607,778,1049,628,230,513
705,1086,820,644,775,1086,622,224,461
476,1314,821,644,775,1304,591,224,461
428,1335,722,641,786,1243,601,225,460
428,1203,754,641,786,1240,707,246,429
309,1293,702,628,888,1200,706,258,429
311,1287,612,621,1042,1199,704,270,479
309,1306,559,622,1063,1145,801,229,518
347,1325,410,622,1083,1126,914,239,593
316,1365,388,601,1086,1126,930,239,726
321,1364,306,620,1077,1122,1066,240,745
351,1415,302,627,1080,1108,1066,431,746
359,1384,332,562,1148,1022,1066,444,746
359,1369,347,517,1139,902,988,339,666
339,1359,377,556,951,873,830,427,605
339,1255,480,556,848,866,775,433,609
337,1248,495,556,837,884,720,417,526
337,1166,577,570,837,830,732,446,558
337,1026,717,574,835,775,732,446,558
337,919,809,708,485,775,777,446,555
367,844,883,708,485,763,880,446,555
342,868,884,749,485,776,999,442,555
391,898,882,778,485,835,1016,441,568
399,896,883,804,489,835,1042,464,568
388,900,887,982,489,914,1206,486,567
358,928,889,935,508,1079,1294,515,567
358,928,852,931,510,1071,1328,522,565
358,928,851,910,510,1087,1412,674,548
358,878,901,901,632,920,1412,674,553
355,770,1010,816,672,917,1429,675,543
378,708,1092,692,720,917,1499,687,544
378,705,1091,689,713,846,1523,691,550
378,705,1086,652,765,704,1519,762,554
378,476,1314,652,780,463,1509,822,560
378,428,1335,652,837,513,1499,832,560
370,428,1203,652,838,715,1315,817,573
370,309,1293,652,743,786,1308,805,594
388,311,1287,652,592,812,1281,793,529
375,309,1306,651,571,863,1146,793,484
312,347,1325,651,551,892,1031,783,369
297,316,1365,651,548,1008,1008,783,236
296,321,1364,632,548,1018,870,782,217
215,351,1415,625,545,1018,920,591,216
219,359,1384,628,477,1022,955,573,216
219,359,1369,782,466,1055,992,591,216
219,339,1359,820,466,1231,992,516,187
219,339,1255,824,462,1254,1207,510,190
211,337,1248,824,534,1232,1211,500,129
211,337,1166,804,547,1251,1219,634,106
211,337,1026,797,571,1251,1224,717,106
211,337,919,790,600,1256,1179,721,162
181,367,844,807,622,1327,1076,768,184
181,342,868,784,648,1358,976,805,189
102,391,898,816,654,1299,972,875,227
94,399,896,821,650,1306,954,958,252
124,388,900,645,650,1233,831,950,252
154,358,928,628,631,1068,740,1056,252
197,358,928,688,629,1040,706,1104,252
259,358,928,697,629,989,621,977,252
330,358,878,736,507,945,621,977,263
330,355,770,739,439,977,604,976,265
297,378,708,700,384,1094,534,964,318
297,378,705,700,388,1112,510,960,340
297,378,705,725,340,1112,510,889,342
297,378,476,725,326,1158,475,829,336
297,378,428,725,258,1108,475,818,336
297,370,428,725,257,917,475,815,323
317,370,309,731,250,852,475,823,302
297,388,311,735,247,888,475,846,302
292,375,309,735,247,930,475,856,302
292,312,347,735,247,927,475,915,342
287,297,316,735,290,811,475,922,383
295,296,321,735,492,801,469,922,383
295,215,351,735,578,803,419,922,406
283,219,359,732,578,857,384,922,470
283,219,359,552,578,825,347,877,476
283,219,339,475,578,696,347,906,476
283,219,339,471,578,673,132,906,460
288,211,337,471,505,685,128,906,463
314,211,337,471,492,674,107,736,455
314,211,337,500,448,674,102,653,564
314,211,337,373,471,669,102,682,568
314,181,367,311,451,598,102,635,545
352,181,342,289,479,716,83,598,551
360,102,391,228,473,724,136,528,500
390,94,399,198,473,730,107,520,475
360,124,388,190,473,747,66,517,475
330,154,358,275,473,747,66,382,475
287,197,358,276,473,747,66,327,545
225,259,358,267,473,747,90,302,568
154,330,358,228,475,747,92,317,559
154,330,355,486,475,715,92,317,565
144,297,378,507,475,598,198,317,607
144,297,378,507,476,579,279,427,590
186,297,378,533,540,579,370,432,584
186,297,378,533,683,532,370,432,584
186,297,378,632,721,532,398,432,584
186,297,370,632,776,521,413,557,584
179,317,370,626,776,515,433,571,677
187,297,388,627,935,453,444,548,766
187,292,375,627,983,360,479,538,766
187,292,312,627,983,392,638,876,726
218,287,297,693,945,418,724,869,685
255,295,296,693,743,423,724,908,685
364,295,215,693,662,437,762,959,662
425,283,219,693,662,379,902,1144,723
425,283,219,693,703,378,903,1191,721
433,283,219,693,703,331,903,1160,722
433,283,219,693,703,331,903,1173,737
428,288,211,693,703,326,903,1197,734
402,314,211,765,703,321,951,1247,733
402,314,211,866,709,330,1112,1385,624
402,314,211,871,639,367,1159,1384,563
402,314,181,893,648,386,1177,1384,563
364,352,181,972,594,291,1183,1487,796
356,360,102,1100,594,354,1123,1512,796
435,390,94,1106,594,341,1195,1428,796
435,360,124,1096,594,318,1443,1468,796
435,330,154,1008,594,330,1443,1468,796
488,287,197,947,594,345,1443,1468,772
488,225,259,947,594,345,1419,1470,749
528,154,330,947,592,567,1417,1456,740
630,154,330,940,650,653,1417,1456,758
633,144,297,919,685,658,1311,1456,660
648,144,297,1062,684,658,1261,1346,649
611,186,297,1073,661,658,1204,1341,649
674,186,297,1164,711,658,1278,1341,649
674,186,297,1100,757,658,1250,1341,649
711,186,297,1129,702,746,1235,1213,649
698,179,317,1129,702,746,1220,1191,556
690,187,297,1151,543,824,1237,1288,468
726,187,292,1151,879,841,1290,1338,468
741,187,292,1151,879,836,1175,941,468
760,218,287,1151,874,810,1213,941,468
754,255,295,1151,874,805,1267,1017,468
864,364,295,1158,869,846,1230,1114,468
811,425,283,1160,882,848,1122,929,343
1097,425,283,1160,889,848,1173,898,339
1101,433,283,1160,889,876,1266,879,338
1102,433,283,1160,889,876,1383,866,323
1104,428,288,1160,889,869,1425,842,323
1104,402,314,1088,905,1109,1448,933,325
1105,402,314,958,893,1100,1409,803,326
1105,402,314,953,892,1063,1376,782,326
1164,402,314,931,881,1044,1399,782,376
1164,364,352,852,888,977,1401,681,334
1164,356,360,724,888,906,1398,656,392
1055,435,390,716,888,906,1374,642,456
1055,435,360,716,888,1077,1320,591,505
1055,435,330,716,888,1153,1495,591,505
1002,488,287,716,888,1138,1529,591,493
1002,488,225,716,888,1138,1589,608,507
962,528,154,716,898,916,1618,624,759
860,630,154,462,892,870,1618,625,772
857,633,144,462,896,895,1713,629,848
859,648,144,319,933,895,1689,629,848
854,611,186,340,888,900,1656,629,848
812,674,186,378,694,967,1583,629,848
833,674,186,344,655,971,1591,629,848
811,711,186,315,750,883,1593,629,848
811,698,179,319,750,883,1588,629,848
937,690,187,299,750,805,1560,532,847
1032,726,187,304,366,808,1472,482,847
1032,741,187,304,471,765,1428,482,847
989,760,218,238,490,766,1304,482,957
946,754,255,238,508,832,1307,367,957
729,864,364,231,511,820,1382,219,1024
735,811,425,267,498,821,1417,219,1024
451,1097,425,272,508,821,1369,223,1024
458,1101,433,276,705,793,1313,223,1027
457,1102,433,276,727,793,1197,223,1076
467,1104,428,276,727,793,1155,223,1093
552,1104,402,317,711,622,1084,82,1091
590,1105,402,317,749,801,962,88,1134
590,1105,402,447,749,854,992,124,1273
531,1164,402,468,754,854,995,124,1657
536,1164,364,468,747,854,987,122,1456
536,1164,356,471,747,854,984,122,1398
536,1055,435,471,747,869,936,134,1334
542,1055,435,494,786,704,834,188,1285
598,1055,435,494,786,690,659,222,1286
729,1002,488,536,786,904,625,501,1252
829,1002,488,597,786,904,565,482,1297
832,962,528,597,776,904,840,465,1045
971,860,630,597,743,864,881,465,1055
1021,857,633,605,704,879,810,461,1007
1004,859,648,605,663,879,899,475,1007
1004,854,611,522,832,874,907,531,1007
997,812,674,433,855,828,906,612,1019
977,833,674,777,810,877,903,617,1032
980,811,711,777,935,880,901,713,1135
980,811,698,885,935,880,901,831,1249
854,937,690,1024,935,888,952,832,1249
725,1032,726,1110,935,869,1009,834,1249
710,1032,741,1225,830,865,1035,1012,1249
705,989,760,1237,811,864,1035,1021,1139
700,946,754,1237,793,839,1028,1044,1160
728,729,864,1237,790,812,963,1062,1093
714,735,811,1199,793,809,974,1132,1093
712,451,1097,1196,735,922,1304,1113,1093
718,458,1101,1302,538,922,1268,1113,1092
753,457,1102,1326,516,941,1267,1363,1044
805,467,1104,1326,533,943,1267,1469,1087
861,552,1104,1474,533,871,1267,1553,1087
822,590,1105,1829,495,692,1267,1539,1043
822,590,1105,1722,495,639,1223,1666,904
822,531,1164,1777,490,639,1179,1748,470
817,536,1164,1787,490,639,1179,1748,469
817,536,1164,1784,490,639,1179,1748,469
817,536,1055,1784,591,627,1179,1736,469
811,542,1055,1761,552,685,1087,1682,469
770,598,1055,1761,626,687,1196,1670,468
639,729,1002,1719,816,473,1202,1391,468
540,829,1002,1658,819,683,1207,1391,409
579,832,962,1696,819,741,912,1391,409
440,971,860,1877,800,758,871,1390,354
401,1021,857,1921,800,713,847,1390,326
402,1004,859,1922,800,713,751,1376,327
656,1004,854,1922,631,713,771,1320,658
642,997,812,1882,608,707,772,1239,759
651,977,833,1565,608,1057,767,1234,776
633,980,811,1565,389,1283,767,1138,673
633,980,811,1453,482,1283,767,1020,560
633,854,937,1379,482,1275,716,1022,610
676,725,1032,1376,482,1274,659,1020,652
734,710,1032,1261,482,1268,710,867,652
753,705,989,1249,482,1268,729,878,652
753,700,946,1249,482,1227,679,860,631
723,728,729,1249,576,1209,668,842,631
723,714,735,1249,573,1209,590,772,631
723,712,451,1247,573,1096,256,771,631
698,718,458,1206,573,1100,255,771,629
663,753,457,1386,573,1081,312,527,628
599,805,467,1387,556,1079,312,434,575
458,861,552,1212,556,1079,312,358,575
458,822,590,858,556,1079,479,358,586
458,822,590,839,556,1079,489,184,596
458,822,531,763,556,1079,530,118,613
458,817,536,812,556,1155,530,174,652
458,817,536,825,556,1253,530,193,825
458,817,536,959,455,1302,544,381,842
458,811,542,959,455,1264,549,630,842
443,770,598,959,381,1190,440,609,842
501,639,729,988,396,1257,434,613,842
505,540,829,989,432,1091,429,677,842
478,579,832,951,458,1033,420,682,842
500,440,971,770,476,1065,420,682,842
490,401,1021,718,476,1065,425,683,843
490,402,1004,717,568,1065,476,683,842
237,656,1004,717,694,1065,447,683,511
239,642,997,717,740,1052,446,683,398
229,651,977,689,740,649,446,683,368
229,633,980,689,739,420,446,683,368
229,633,980,720,646,428,446,683,367
229,633,854,722,648,491,446,680,317
245,676,725,634,650,491,456,680,275
270,734,710,634,650,491,379,655,280
251,753,705,727,650,491,360,715,323
251,753,700,762,650,491,360,747,383
251,723,728,762,556,510,374,752,424
251,723,714,762,556,510,375,784,477
255,723,712,799,558,511,375,934,481
279,698,718,730,600,515,375,995,481
279,663,753,526,605,515,318,990,483
279,599,805,525,605,515,318,977,476
279,458,861,512,605,679,318,969,476
283,458,822,511,605,682,151,976,465
295,458,822,507,605,702,380,977,455
295,458,822,523,605,760,352,961,438
295,458,817,531,605,734,352,928,493
299,458,817,518,639,689,352,927,338
310,458,817,385,684,637,338,739,402
336,458,811,406,761,611,333,490,471
369,443,770,423,942,609,333,489,522
311,501,639,394,771,542,333,485,547
306,505,540,519,740,505,406,421,547
293,478,579,627,806,506,409,416,552
271,500,440,708,788,457,509,423,552
270,490,401,804,845,569,615,422,561
269,490,402,858,797,618,592,422,561
268,237,656,1013,671,668,624,485,563
266,239,642,1046,628,674,624,485,573
266,229,651,1134,629,674,680,565,573
266,229,633,1138,639,674,690,580,573
266,229,633,1108,642,670,690,580,647
266,229,633,1034,802,634,690,628,665
207,245,676,1034,955,634,680,636,680
126,270,734,1035,955,640,680,695,675
124,251,753,944,955,642,826,697,632
124,251,753,909,955,648,832,758,572
124,251,723,909,955,657,856,782,539
124,251,723,924,959,720,855,776,486
120,255,723,888,1143,729,873,885,482
96,279,698,888,1155,737,873,851,520
97,279,663,890,1187,737,893,927,518
97,279,599,891,1189,737,937,929,542
97,279,458,893,1349,573,946,929,569
93,283,458,893,1453,570,946,947,593
87,295,458,930,1547,550,716,946,593
95,295,458,915,1547,527,707,947,593
116,295,458,848,1558,553,826,924,499
167,299,458,850,1538,508,1158,906,607
579,310,458,849,1549,561,1221,993,619
589,336,458,832,1473,654,1252,1105,666
564,369,443,820,1367,778,1270,1122,671
698,311,501,821,1388,848,1373,1128,668
708,306,505,722,1416,842,1403,1196,668
784,293,478,754,1408,841,1452,1279,699
784,271,500,702,1425,854,1500,1278,699
788,270,490,612,1467,743,1412,1278,689
860,269,490,559,1437,694,1394,1320,689
1055,268,237,410,1438,644,1362,1292,687
1208,266,239,388,1438,636,1362,1293,677
1302,266,229,306,1437,641,1306,1213,677
1608,266,229,302,1427,641,1296,1198,689
1659,266,229,332,1424,637,1296,1242,680
1671,266,229,347,1262,637,1296,1194,667
1669,207,245,377,1107,643,1296,1186,660
1690,126,270,480,1112,642,1296,1127,680
1719,124,251,495,1119,661,1150,1045,680
1737,124,251,577,1143,657,1144,947,680
1758,124,251,717,1316,630,1106,918,672
1776,124,251,809,1323,567,1106,892,672
1779,120,255,883,1214,557,1088,633,672
1779,96,279,884,1217,541,1088,606,634
1778,97,279,882,1180,541,1090,529,642
1783,97,279,883,1209,541,1047,527,645
1826,97,279,887,1049,541,1040,527,629
1841,93,283,889,1079,541,1108,502,606
1872,87,295,852,1040,541,1111,627,640
1883,95,295,851,1127,520,1108,705,704
2057,116,295,901,1119,444,989,803,721
2057,167,299,1010,1106,436,657,832,595
1690,579,310,1092,1050,383,610,757,502
1871,589,336,1091,1049,290,580,714,386
1902,564,369,1086,974,169,667,707,336
1787,698,311,1314,919,99,588,777,314
1792,708,306,1335,886,98,546,709,314
1719,784,293,1203,802,98,497,704,278
1719,784,271,1293,798,85,389,706,278
1715,788,270,1287,706,84,367,735,278
1654,860,269,1306,692,84,411,731,319
1464,1055,268,1325,691,84,430,698,319
1311,1208,266,1365,709,84,430,704,319
1217,1302,266,1364,709,88,434,712,319
911,1608,266,1415,709,88,448,712,307
860,1659,266,1384,774,88,534,668,247
852,1671,266,1369,845,81,654,746,374
897,1669,207,1359,845,263,683,904,374
948,1690,126,1255,840,365,690,959,354
1015,1719,124,1248,833,356,694,1014,380
1006,1737,124,1166,815,354,748,1015,387
985,1758,124,1026,645,381,803,1015,387
967,1776,124,919,634,750,803,1015,387
964,1779,120,844,602,750,815,1015,387
973,1779,96,868,549,750,815,1015,391
973,1778,97,898,549,750,793,1015,384
968,1783,97,896,519,750,792,1036,357
925,1826,97,900,535,750,790,1036,346
941,1841,93,928,468,750,722,1039,345
904,1872,87,928,417,750,746,914,311
903,1883,95,928,351,736,780,836,247
708,2057,116,878,357,736,991,738,230
653,2057,167,770,441,764,994,709,230
597,1690,579,708,604,771,978,697,230
380,1871,589,705,607,778,1049,628,230
341,1902,564,705,644,775,1086,622,224
323,1787,698,476,644,775,1304,591,224
308,1792,708,428,641,786,1243,601,225
303,1719,784,428,641,786,1240,707,246
303,1719,784,309,628,888,1200,706,258
303,1715,788,311,621,1042,1199,704,270
292,1654,860,309,622,1063,1145,801,229
290,1464,1055,347,622,1083,1126,914,239
309,1311,1208,316,601,1086,1126,930,239
341,1217,1302,321,620,1077,1122,1066,240
343,911,1608,351,627,1080,1108,1066,431
344,860,1659,359,562,1148,1022,1066,444
357,852,1671,359,517,1139,902,988,339
357,897,1669,339,556,951,873,830,427
283,948,1690,339,556,848,866,775,433
187,1015,1719,337,556,837,884,720,417
178,1006,1737,337,570,837,830,732,446
181,985,1758,337,574,835,775,732,446
186,967,1776,337,708,485,775,777,446
192,964,1779,367,708,485,763,880,446
183,973,1779,342,749,485,776,999,442
183,973,1778,391,778,485,835,1016,441
183,968,1783,399,804,489,835,1042,464
183,925,1826,388,982,489,914,1206,486
154,941,1841,358,935,508,1079,1294,515
155,904,1872,358,931,510,1071,1328,522
174,903,1883,358,910,510,1087,1412,674
202,708,2057,358,901,632,920,1412,674
202,653,2057,355,816,672,917,1429,675
221,597,1690,378,692,720,917,1499,687
221,380,1871,378,689,713,846,1523,691
221,341,1902,378,652,765,704,1519,762
224,323,1787,378,652,780,463,1509,822
226,308,1792,378,652,837,513,1499,832
226,303,1719,370,652,838,715,1315,817
226,303,1719,370,652,743,786,1308,805
227,303,1715,388,652,592,812,1281,793
227,292,1654,375,651,571,863,1146,793
224,290,1464,312,651,551,892,1031,783
221,309,1311,297,651,548,1008,1008,783
272,341,1217,296,632,548,1018,870,782
271,343,911,215,625,545,1018,920,591
270,344,860,219,628,477,1022,955,573
253,357,852,219,782,466,1055,992,591
208,357,897,219,820,466,1231,992,516
208,283,948,219,824,462,1254,1207,510
208,187,1015,211,824,534,1232,1211,500
208,178,1006,211,804,547,1251,1219,634
205,181,985,211,797,571,1251,1224,717
200,186,967,211,790,600,1256,1179,721
194,192,964,181,807,622,1327,1076,768
194,183,973,181,784,648,1358,976,805
194,183,973,102,816,654,1299,972,875
194,183,968,94,821,650,1306,954,958
194,183,925,124,645,650,1233,831,950
192,154,941,154,628,631,1068,740,1056
198,155,904,197,688,629,1040,706,1104
161,174,903,259,697,629,989,621,977
133,202,708,330,736,507,945,621,977
133,202,653,330,739,439,977,604,976
119,221,597,297,700,384,1094,534,964
119,221,380,297,700,388,1112,510,960
174,221,341,297,725,340,1112,510,889
218,224,323,297,725,326,1158,475,829
238,226,308,297,725,258,1108,475,818
317,226,303,297,725,257,917,475,815
317,226,303,317,731,250,852,475,823
316,227,303,297,735,247,888,475,846
316,227,292,292,735,247,930,475,856
316,224,290,292,735,247,927,475,915
312,221,309,287,735,290,811,475,922
252,272,341,295,735,492,801,469,922
318,271,343,295,735,578,803,419,922
358,270,344,283,732,578,857,384,922
402,253,357,283,552,578,825,347,877
423,208,357,283,475,578,696,347,906
517,208,283,283,471,578,673,132,906
612,208,187,288,471,505,685,128,906
690,208,178,314,471,492,674,107,736
846,205,181,314,500,448,674,102,653
915,200,186,314,373,471,669,102,682
917,194,192,314,311,451,598,102,635
917,194,183,352,289,479,716,83,598
961,194,183,360,228,473,724,136,528
961,194,183,390,198,473,730,107,520
1193,194,183,360,190,473,747,66,517
1193,192,154,330,275,473,747,66,382
1186,198,155,287,276,473,747,66,327
1264,161,174,225,267,473,747,90,302
1330,133,202,154,228,475,747,92,317
1330,133,202,154,486,475,715,92,317
1327,119,221,144,507,475,598,198,317
1358,119,221,144,507,476,579,279,427
1303,174,221,186,533,540,579,370,432
1297,218,224,186,533,683,532,370,432
1275,238,226,186,632,721,532,398,432
1196,317,226,186,632,776,521,413,557
1196,317,226,179,626,776,515,433,571
1238,316,227,187,627,935,453,444,548
1262,316,227,187,627,983,360,479,538
1265,316,224,187,627,983,392,638,876
1260,312,221,218,693,945,418,724,869
1238,252,272,255,693,743,423,724,908
1182,318,271,364,693,662,437,762,959
1258,358,270,425,693,662,379,902,1144
1214,402,253,425,693,703,378,903,1191
1193,423,208,433,693,703,331,903,1160
1099,517,208,433,693,703,331,903,1173
1004,612,208,428,693,703,326,903,1197
926,690,208,402,765,703,321,951,1247
770,846,205,402,866,709,330,1112,1385
701,915,200,402,871,639,367,1159,1384
700,917,194,402,893,648,386,1177,1384
700,917,194,364,972,594,291,1183,1487
701,961,194,356,1100,594,354,1123,1512
704,961,194,435,1106,594,341,1195,1428
472,1193,194,435,1096,594,318,1443,1468
754,1193,192,435,1008,594,330,1443,1468
772,1186,198,488,947,594,345,1443,1468
695,1264,161,488,947,594,345,1419,1470
708,1330,133,528,947,592,567,1417,1456
750,1330,133,630,940,650,653,1417,1456
748,1327,119,633,919,685,658,1311,1456
717,1358,119,648,1062,684,658,1261,1346
717,1303,174,611,1073,661,658,1204,1341
819,1297,218,674,1164,711,658,1278,1341
822,1275,238,674,1100,757,658,1250,1341
889,1196,317,711,1129,702,746,1235,1213
889,1196,317,698,1129,702,746,1220,1191
857,1238,316,690,1151,543,824,1237,1288
963,1262,316,726,1151,879,841,1290,1338
960,1265,316,741,1151,879,836,1175,941
954,1260,312,760,1151,874,810,1213,941
970,1238,252,754,1151,874,805,1267,1017
1165,1182,318,864,1158,869,846,1230,1114
1083,1258,358,811,1160,882,848,1122,929
1084,1214,402,1097,1160,889,848,1173,898
1084,1193,423,1101,1160,889,876,1266,879
1152,1099,517,1102,1160,889,876,1383,866
1152,1004,612,1104,1160,889,869,1425,842
1152,926,690,1104,1088,905,1109,1448,933
1152,770,846,1105,958,893,1100,1409,803
1154,701,915,1105,953,892,1063,1376,782
1206,700,917,1164,931,881,1044,1399,782
1207,700,917,1164,852,888,977,1401,681
1162,701,961,1164,724,888,906,1398,656
1159,704,961,1055,716,888,906,1374,642
1159,472,1193,1055,716,888,1077,1320,591
877,754,1193,1055,716,888,1153,1495,591
980,772,1186,1002,716,888,1138,1529,591
1038,695,1264,1002,716,888,1138,1589,608
961,708,1330,962,716,898,916,1618,624
1062,750,1330,860,462,892,870,1618,625
1071,748,1327,857,462,896,895,1713,629
1074,717,1358,859,319,933,895,1689,629
1159,717,1303,854,340,888,900,1656,629
1215,819,1297,812,378,694,967,1583,629
1508,822,1275,833,344,655,971,1591,629
1592,889,1196,811,315,750,883,1593,629
1614,889,1196,811,319,750,883,1588,629
1609,857,1238,937,299,750,805,1560,532
1480,963,1262,1032,304,366,808,1472,482
1480,960,1265,1032,304,471,765,1428,482
1479,954,1260,989,238,490,766,1304,482
1462,970,1238,946,238,508,832,1307,367
1281,1165,1182,729,231,511,820,1382,219
1247,1083,1258,735,267,498,821,1417,219
1246,1084,1214,451,272,508,821,1369,223
1246,1084,1193,458,276,705,793,1313,223
1178,1152,1099,457,276,727,793,1197,223
1178,1152,1004,467,276,727,793,1155,223
1360,1152,926,552,317,711,622,1084,82
1392,1152,770,590,317,749,801,962,88
1390,1154,701,590,447,749,854,992,124
1375,1206,700,531,468,754,854,995,124
1374,1207,700,536,468,747,854,987,122
1398,1162,701,536,471,747,854,984,122
1399,1159,704,536,471,747,869,936,134
1399,1159,472,542,494,786,704,834,188
1402,877,754,598,494,786,690,659,222
1392,980,772,729,536,786,904,625,501
1339,1038,695,829,597,786,904,565,482
1340,961,708,832,597,776,904,840,465
1197,1062,750,971,597,743,864,881,465
1194,1071,748,1021,605,704,879,810,461
1191,1074,717,1004,605,663,879,899,475
1106,1159,717,1004,522,832,874,907,531
906,1215,819,997,433,855,828,906,612
610,1508,822,977,777,810,877,903,617
459,1592,889,980,777,935,880,901,713
443,1614,889,980,885,935,880,901,831
438,1609,857,854,1024,935,888,952,832
437,1480,963,725,1110,935,869,1009,834
437,1480,960,710,1225,830,865,1035,1012
437,1479,954,705,1237,811,864,1035,1021
445,1462,970,700,1237,793,839,1028,1044
551,1281,1165,728,1237,790,812,963,1062
551,1247,1083,714,1199,793,809,974,1132
604,1246,1084,712,1196,735,922,1304,1113
605,1246,1084,718,1302,538,922,1268,1113
608,1178,1152,753,1326,516,941,1267,1363
608,1178,1152,805,1326,533,943,1267,1469
426,1360,1152,861,1474,533,871,1267,1553
394,1392,1152,822,1829,495,692,1267,1539
395,1390,1154,822,1722,495,639,1223,1666
357,1375,1206,822,1777,490,639,1179,1748
421,1374,1207,817,1787,490,639,1179,1748
397,1398,1162,817,1784,490,639,1179,1748
396,1399,1159,817,1784,591,627,1179,1736
396,1399,1159,811,1761,552,685,1087,1682
407,1402,877,770,1761,626,687,1196,1670
296,1392,980,639,1719,816,473,1202,1391
290,1339,1038,540,1658,819,683,1207,1391
287,1340,961,579,1696,819,741,912,1391
287,1197,1062,440,1877,800,758,871,1390
281,1194,1071,401,1921,800,713,847,1390
281,1191,1074,402,1922,800,713,751,1376
281,1106,1159,656,1922,631,713,771,1320
342,906,1215,642,1882,608,707,772,1239
383,610,1508,651,1565,608,1057,767,1234
383,459,1592,633,1565,389,1283,767,1138
390,443,1614,633,1453,482,1283,767,1020
410,438,1609,633,1379,482,1275,716,1022
454,437,1480,676,1376,482,1274,659,1020
454,437,1480,734,1261,482,1268,710,867
454,437,1479,753,1249,482,1268,729,878
446,445,1462,753,1249,482,1227,679,860
315,551,1281,723,1249,576,1209,668,842
335,551,1247,723,1249,573,1209,590,772
323,604,1246,723,1247,573,1096,256,771
322,605,1246,698,1206,573,1100,255,771
349,608,1178,663,1386,573,1081,312,527
418,608,1178,599,1387,556,1079,312,434
667,426,1360,458,1212,556,1079,312,358
728,394,1392,458,858,556,1079,479,358
763,395,1390,458,839,556,1079,489,184
763,357,1375,458,763,556,1079,530,118
699,421,1374,458,812,556,1155,530,174
706,397,1398,458,825,556,1253,530,193
767,396,1399,458,959,455,1302,544,381
962,396,1399,458,959,455,1264,549,630
951,407,1402,443,959,381,1190,440,609
986,296,1392,501,988,396,1257,434,613
1014,290,1339,505,989,432,1091,429,677
1034,287,1340,478,951,458,1033,420,682
1040,287,1197,500,770,476,1065,420,682
1040,281,1194,490,718,476,1065,425,683
1066,281,1191,490,717,568,1065,476,683
1184,281,1106,237,717,694,1065,447,683
1170,342,906,239,717,740,1052,446,683
1373,383,610,229,689,740,649,446,683
1402,383,459,229,689,739,420,446,683
1397,390,443,229,720,646,428,446,683
1380,410,438,229,722,648,491,446,680
1336,454,437,245,634,650,491,456,680
1336,454,437,270,634,650,491,379,655
1336,454,437,251,727,650,491,360,715
1336,446,445,251,762,650,491,360,747
1336,315,551,251,762,556,510,374,752
1316,335,551,251,762,556,510,375,784
1275,323,604,255,799,558,511,375,934
1275,322,605,279,730,600,515,375,995
1248,349,608,279,526,605,515,318,990
1180,418,608,279,525,605,515,318,977
931,667,426,279,512,605,679,318,969
882,728,394,283,511,605,682,151,976
896,763,395,295,507,605,702,380,977
896,763,357,295,523,605,760,352,961
896,699,421,295,531,605,734,352,928
1043,706,397,299,518,639,689,352,927
1121,767,396,310,385,684,637,338,739
947,962,396,336,406,761,611,333,490
977,951,407,369,423,942,609,333,489
942,986,296,311,394,771,542,333,485
927,1014,290,306,519,740,505,406,421
907,1034,287,293,627,806,506,409,416
901,1040,287,271,708,788,457,509,423
990,1040,281,270,804,845,569,615,422
964,1066,281,269,858,797,618,592,422
846,1184,281,268,1013,671,668,624,485
799,1170,342,266,1046,628,674,624,485
555,1373,383,266,1134,629,674,680,565
526,1402,383,266,1138,639,674,690,580
518,1397,390,266,1108,642,670,690,580
515,1380,410,266,1034,802,634,690,628
528,1336,454,207,1034,955,634,680,636
528,1336,454,126,1035,955,640,680,695
528,1336,454,124,944,955,642,826,697
544,1336,446,124,909,955,648,832,758
545,1336,315,124,909,955,657,856,782
545,1316,335,124,924,959,720,855,776
545,1275,323,120,888,1143,729,873,885
545,1275,322,96,888,1155,737,873,851
668,1248,349,97,890,1187,737,893,927
670,1180,418,97,891,1189,737,937,929
670,931,667,97,893,1349,573,946,929
658,882,728,93,893,1453,570,946,947
608,896,763,87,930,1547,550,716,946
690,896,763,95,915,1547,527,707,947
693,896,699,116,848,1558,553,826,924
562,1043,706,167,850,1538,508,1158,906
504,1121,767,579,849,1549,561,1221,993
511,947,962,589,832,1473,654,1252,1105
478,977,951,564,820,1367,778,1270,1122
491,942,986,698,821,1388,848,1373,1128
478,927,1014,708,722,1416,842,1403,1196
497,907,1034,784,754,1408,841,1452,1279
513,901,1040,784,702,1425,854,1500,1278
424,990,1040,788,612,1467,743,1412,1278
424,964,1066,860,559,1437,694,1394,1320
425,846,1184,1055,410,1438,644,1362,1292
573,799,1170,1208,388,1438,636,1362,1293
693,555,1373,1302,306,1437,641,1306,1213
778,526,1402,1608,302,1427,641,1296,1198
936,518,1397,1659,332,1424,637,1296,1242
937,515,1380,1671,347,1262,637,1296,1194
925,528,1336,1669,377,1107,643,1296,1186
989,528,1336,1690,480,1112,642,1296,1127
1032,528,1336,1719,495,1119,661,1150,1045
1146,544,1336,1737,577,1143,657,1144,947
1162,545,1336,1758,717,1316,630,1106,918
1162,545,1316,1776,809,1323,567,1106,892
1289,545,1275,1779,883,1214,557,1088,633
1352,545,1275,1779,884,1217,541,1088,606
1460,668,1248,1778,882,1180,541,1090,529
1491,670,1180,1783,883,1209,541,1047,527
1493,670,931,1826,887,1049,541,1040,527
1533,658,882,1841,889,1079,541,1108,502
1533,608,896,1872,852,1040,541,1111,627
1452,690,896,1883,851,1127,520,1108,705
